"id","mercedes_c","vw_golf","vw_passat","bmw_320","opel_astra","diesel","other_car_owner","pm_green","private_seller","guarantee","inspection","maintenance_cert","co2_em","euro_norm","mile_20","mile_30","mile_40","mile_50","mile_100","mile_150","mileage","mileage2","age_3","age_6","age_car_years","age_car_years2"
104720,0,1,0,0,0,0,0,0,1,0,2,1,117,5,1,1,1,0,0,0,40,1600,0,0,2.5,6.25
32761,0,0,1,0,0,1,0,0,1,0,2,0,148,5,1,1,1,1,1,0,139.8,19544.04,1,0,5.7,32.49
32601,0,0,1,0,0,0,0,1,0,0,1,1,204,4,1,1,1,1,1,0,134,17956,1,1,8.9,79.21
53732,0,0,1,0,0,1,2,1,0,0,1,1,122,5,1,1,0,0,0,0,34.85,1214.5225,0,0,1.6,2.56
3655,0,1,0,0,0,1,1,1,0,0,0,1,139,5,1,1,1,1,0,0,90.142,8125.580164,1,0,4.9,24.01
98140,1,0,0,0,0,1,1,1,0,0,1,1,115,6,1,1,0,0,0,0,31.299,979.627401,0,0,1.2,1.44
93460,0,0,1,0,0,1,2,0,1,0,1,1,153,4,1,1,1,1,1,1,155.3,24118.09,1,1,9.4,88.36
100969,0,0,1,0,0,1,1,1,0,0,0,1,120,5,1,1,1,1,0,0,95.001,9025.190001,1,0,4.9,24.01
31090,0,0,1,0,0,1,1,1,0,1,2,1,120,5,1,1,1,1,0,0,72.5,5256.25,1,0,3.1,9.61
12694,0,1,0,0,0,1,1,1,0,0,0,0,109,5,1,1,1,1,0,0,73.53,5406.6609,1,0,3.6,12.96
79218,0,0,0,1,0,0,0,0,1,0,2,0,147,4,1,1,1,1,0,0,74,5476,1,1,7.1,50.41
42633,0,1,0,0,0,1,1,1,0,0,1,1,119,5,1,1,1,1,1,0,115.422,13322.238084,0,0,2.6,6.76
96164,0,0,0,1,0,1,1,0,0,0,2,1,123,5,1,1,1,1,1,0,145,21025,1,0,3.5,12.25
53417,0,0,0,1,0,1,1,0,0,0,0,1,120,5,1,1,1,1,1,1,159.856,25553.940736,1,0,5.6,31.36
89115,0,1,0,0,0,0,2,1,0,0,0,1,176,4,1,1,1,1,0,0,51.98,2701.9204,1,1,6.9,47.61
72403,0,0,0,1,0,1,1,1,0,0,0,0,127,5,0,0,0,0,0,0,17.013,289.442169,0,0,1.2,1.44
93164,0,1,0,0,0,0,2,0,1,0,0,1,124,5,1,0,0,0,0,0,29.8,888.04,0,0,1.4,1.96
28375,0,0,1,0,0,1,1,1,0,0,0,1,135,5,1,1,1,1,0,0,52.88,2796.2944,0,0,2.5,6.25
23076,0,0,0,1,0,1,1,1,0,0,0,1,146,4,1,1,1,1,0,0,91.147,8307.775609,1,1,6.3,39.69
67973,0,1,0,0,0,1,1,1,0,0,2,0,139,5,1,1,1,1,1,0,140.55,19754.3025,1,0,4.4,19.36
11645,0,1,0,0,0,0,2,1,1,0,1,1,154,4,1,1,1,1,1,0,112.6,12678.76,1,1,7,49
47651,0,1,0,0,0,0,2,1,0,0,0,1,124,5,0,0,0,0,0,0,17.217,296.425089,0,0,1.5,2.25
95408,1,0,0,0,0,1,0,1,1,0,2,0,153,5,1,1,1,1,1,0,124,15376,1,0,5.1,26.01
2019,0,0,1,0,0,1,1,1,0,0,0,1,146,5,1,1,1,1,1,1,158,24964,1,1,6.3,39.69
102702,0,0,0,0,1,0,2,1,0,0,1,0,158,4,1,1,1,1,1,0,110,12100,1,1,7.6,57.76
12674,0,0,0,0,1,1,1,1,0,0,0,1,119,5,1,1,1,1,1,0,130.9,17134.81,1,0,3.4,11.56
73012,0,0,0,0,1,1,1,1,0,0,2,0,128,5,1,1,1,1,0,0,70.988,5039.296144,1,0,3.2,10.24
78420,0,0,0,1,0,1,1,1,0,0,0,1,133,5,0,0,0,0,0,0,13.7,187.69,0,0,1.3,1.69
49295,0,1,0,0,0,0,1,1,0,0,1,1,149,5,1,1,1,1,0,0,61.379,3767.381641,1,0,3.1,9.61
95422,0,1,0,0,0,1,0,1,0,0,0,0,159,4,1,1,1,1,1,1,178.233,31767.002289,1,1,8.4,70.56
12655,0,0,1,0,0,1,1,1,0,0,0,1,124,5,1,1,1,1,1,1,157,24649,1,0,3.3,10.89
1566,0,1,0,0,0,1,1,0,0,0,1,1,102,5,1,1,0,0,0,0,34.6,1197.16,0,0,1.3,1.69
40594,1,0,0,0,0,1,1,1,0,0,0,1,133,5,1,1,1,1,1,0,138.9,19293.21,1,0,4.6,21.16
738,0,0,1,0,0,1,1,1,0,0,1,1,120,5,1,1,1,1,0,0,64.9,4212.01,1,0,4.3,18.49
58850,1,0,0,0,0,1,2,1,0,0,1,1,127,5,1,1,1,1,0,0,63.89,4081.9321,1,0,4.2,17.64
64206,0,0,0,1,0,1,1,1,0,0,1,1,119,5,1,1,1,1,0,0,82.088,6738.439744,1,0,3.1,9.61
84956,0,0,0,1,0,1,1,1,0,0,1,1,119,6,1,1,0,0,0,0,35.712,1275.346944,0,0,2.5,6.25
48923,1,0,0,0,0,1,1,1,0,0,1,1,121,6,1,0,0,0,0,0,22,484,0,0,1.1,1.21
58623,0,1,0,0,0,0,1,1,0,0,1,1,146,5,1,1,1,0,0,0,45.827,2100.113929,1,0,4.2,17.64
12066,0,1,0,0,0,0,2,1,1,0,0,1,176,4,1,1,1,1,1,1,150,22500,1,1,7.9,62.41
44947,0,0,1,0,0,1,1,1,0,0,2,0,135,5,1,1,1,1,0,0,79.87,6379.2169,1,0,3.2,10.24
45330,0,1,0,0,0,1,1,1,0,0,1,1,119,5,1,1,1,1,0,0,59.783,3574.007089,0,0,2.5,6.25
45643,0,0,1,0,0,0,1,0,0,0,0,1,149,5,1,1,1,1,0,0,60.5,3660.25,1,0,4.5,20.25
16306,0,1,0,0,0,0,1,1,0,1,1,1,124,5,1,1,0,0,0,0,37.129,1378.562641,1,1,6.7,44.89
72264,1,0,0,0,0,1,3,1,0,0,1,1,195,5,1,1,1,1,1,0,138.5,19182.25,1,0,4.6,21.16
38338,0,0,0,0,1,1,1,1,0,0,1,0,116,5,1,1,1,1,0,0,74.5,5550.25,0,0,2.1,4.41
43537,0,1,0,0,0,0,1,1,0,0,1,1,126,5,1,0,0,0,0,0,26.41,697.4881,0,0,1.2,1.44
54413,1,0,0,0,0,1,1,1,0,0,1,1,127,5,1,1,1,1,0,0,98.047,9613.214209,0,0,2.6,6.76
42864,0,0,0,1,0,1,1,1,0,0,2,1,128,5,1,1,1,1,0,0,68.853,4740.735609,1,0,4.4,19.36
36549,0,0,0,1,0,0,0,1,0,0,0,0,182,4,1,1,1,1,1,0,139,19321,1,1,10,100
45399,0,1,0,0,0,1,1,1,0,0,1,1,128,5,1,1,1,1,0,0,93.609,8762.644881,1,0,3.7,13.69
43534,0,0,0,1,0,0,2,1,0,0,0,0,178,5,1,1,1,1,0,0,54.574,2978.321476,1,0,3.7,13.69
79452,0,0,0,1,0,1,2,1,0,0,0,1,158,4,1,1,1,1,1,1,170,28900,1,1,8.8,77.44
14153,0,0,0,1,0,1,2,1,1,0,0,1,123,5,1,1,0,0,0,0,39.1,1528.81,0,0,2.2,4.84
89784,0,0,0,0,1,0,1,1,0,0,1,1,163,4,1,1,1,1,0,0,91,8281,1,1,6.9,47.61
49709,0,1,0,0,0,1,1,1,0,0,1,1,119,5,1,1,1,1,1,0,102.504,10507.070016,1,0,5.5,30.25
86540,0,0,0,1,0,1,1,1,0,0,1,1,119,5,1,1,1,1,0,0,97.907,9585.780649,0,0,2.9,8.41
100669,0,0,0,1,0,1,1,1,0,0,1,1,135,5,1,1,1,0,0,0,43.3,1874.89,0,0,2.3,5.29
101778,0,0,1,0,0,1,1,1,0,0,0,1,124,5,1,1,1,1,1,0,119.493,14278.577049,1,0,3.5,12.25
37757,1,0,0,0,0,1,2,1,0,0,0,1,180,4,1,1,1,1,1,1,187,34969,1,1,7.1,50.41
103559,1,0,0,0,0,1,1,1,1,0,1,1,108,6,1,0,0,0,0,0,20,400,0,0,1.1,1.21
74825,0,1,0,0,0,1,1,1,0,0,0,1,119,5,1,1,1,1,0,0,85.117,7244.903689,1,0,5.7,32.49
21979,0,0,1,0,0,1,1,1,0,0,1,1,120,5,1,0,0,0,0,0,26.8,718.24,0,0,1,1
8842,0,0,1,0,0,1,1,1,0,0,0,1,120,5,1,1,1,1,0,0,94.35,8901.9225,1,0,3.3,10.89
8053,0,0,0,1,0,1,1,1,0,0,1,1,114,5,1,1,1,1,1,0,111,12321,0,0,2.3,5.29
75380,1,0,0,0,0,1,2,1,0,0,1,1,159,4,1,1,1,1,1,1,178,31684,1,1,8,64
58151,0,0,0,1,0,0,0,1,0,0,1,0,149,5,1,1,0,0,0,0,37.7,1421.29,1,1,7.4,54.76
22420,0,0,0,1,0,0,2,1,0,0,2,1,182,4,1,1,1,1,1,0,146.1,21345.21,1,1,9.6,92.16
37330,0,0,0,1,0,1,1,1,0,0,1,0,125,5,1,1,1,1,1,0,139.073,19341.299329,1,0,3.2,10.24
35987,0,0,1,0,0,1,0,0,0,0,2,0,135,5,1,1,1,1,1,0,148.465,22041.856225,1,0,3.2,10.24
88937,0,0,1,0,0,1,1,1,0,0,1,1,123,5,1,1,1,1,1,0,112,12544,1,0,3.2,10.24
53569,0,0,1,0,0,0,2,1,0,0,0,1,197,4,1,1,1,1,0,0,75,5625,1,1,8.1,65.61
36105,0,0,1,0,0,1,0,0,0,0,2,0,120,5,1,1,1,1,1,1,176.419,31123.663561,1,0,4.7,22.09
54643,0,0,1,0,0,0,1,1,0,0,0,1,181,4,1,1,1,1,0,0,93.475,8737.575625,1,1,9.2,84.64
50951,0,0,1,0,0,1,1,1,0,0,1,1,151,5,1,1,1,1,1,0,143.99,20733.1201,1,0,4.3,18.49
72106,0,0,1,0,0,1,1,0,0,0,2,1,120,5,1,1,1,1,1,0,131,17161,0,0,2.3,5.29
96827,0,0,1,0,0,1,1,1,0,0,1,0,123,5,1,1,1,1,0,0,68.5,4692.25,1,0,3.6,12.96
60856,0,0,1,0,0,1,1,1,0,0,1,0,122,5,1,1,1,1,0,0,81.572,6653.991184,1,0,3.2,10.24
44631,1,0,0,0,0,1,1,1,0,0,2,1,127,5,1,1,1,1,1,0,139.9,19572.01,0,0,2.8,7.84
2921,0,1,0,0,0,0,1,1,0,1,1,1,123,5,1,1,1,1,0,0,79.875,6380.015625,1,0,4.2,17.64
98937,0,0,1,0,0,1,1,1,0,0,1,1,149,5,1,1,1,1,1,0,127,16129,1,0,3.9,15.21
51695,1,0,0,0,0,1,2,1,0,0,1,0,178,4,1,1,1,1,1,1,197.877,39155.307129,1,1,8,64
70370,0,0,1,0,0,0,1,1,0,0,2,1,119,6,1,0,0,0,0,0,27.26,743.1076,0,0,1,1
6539,0,0,0,0,1,0,1,1,1,0,1,1,161,4,1,1,1,1,1,1,179,32041,1,1,9.3,86.49
88445,0,1,0,0,0,0,2,1,0,0,1,1,168,5,1,1,1,1,0,0,55.2,3047.04,1,0,5.2,27.04
26309,0,0,1,0,0,1,1,1,0,0,0,1,123,5,1,1,1,1,0,0,99.568,9913.786624,1,0,3.6,12.96
103286,0,1,0,0,0,1,1,1,0,0,1,0,102,5,1,1,1,0,0,0,42.899,1840.324201,0,0,2.3,5.29
42687,0,1,0,0,0,1,1,1,0,0,1,1,103,6,0,0,0,0,0,0,15,225,0,0,1.8,3.24
46070,0,0,0,1,0,1,0,1,0,0,0,1,130,5,1,1,1,1,1,1,182.77,33404.8729,1,1,6.8,46.24
68979,0,0,1,0,0,1,0,1,0,0,1,1,136,5,1,1,1,1,1,0,112.5,12656.25,0,0,2.6,6.76
65218,0,0,0,1,0,1,2,1,0,0,1,1,124,5,1,1,1,0,0,0,42.312,1790.305344,1,0,3.2,10.24
30868,0,0,1,0,0,1,1,1,0,0,1,1,122,5,1,1,1,1,1,1,150.561,22668.614721,1,0,3.3,10.89
80309,0,0,1,0,0,1,1,1,0,0,1,1,135,5,1,1,1,1,1,0,125,15625,1,0,3.4,11.56
32016,0,0,0,1,0,1,1,1,0,0,0,0,128,5,1,1,0,0,0,0,37.488,1405.350144,1,0,3.5,12.25
71517,0,1,0,0,0,0,1,1,0,0,1,1,115,6,1,0,0,0,0,0,23.6,556.96,0,0,1,1
3610,1,0,0,0,0,1,1,1,0,0,1,1,124,5,1,1,1,1,0,0,62.255,3875.685025,1,0,3.3,10.89
31187,1,0,0,0,0,1,2,1,1,0,1,1,176,4,1,1,1,1,1,0,108.9,11859.21,1,0,5.3,28.09
17172,0,1,0,0,0,1,1,1,0,0,0,1,119,5,1,1,1,1,0,0,70.5,4970.25,1,0,4.3,18.49
28435,0,0,0,1,0,0,0,1,0,0,1,1,156,4,1,1,1,1,0,0,80,6400,1,1,7,49
33479,0,0,1,0,0,0,2,1,0,0,0,1,181,4,1,1,1,1,1,0,120,14400,1,1,9.9,98.01
91679,0,0,1,0,0,1,0,1,0,0,2,1,117,5,1,1,0,0,0,0,37.445,1402.128025,1,0,4.1,16.81
55406,0,0,0,0,1,1,0,0,0,0,0,0,119,5,1,1,1,1,0,0,74.813,5596.984969,1,0,4.2,17.64
4680,0,1,0,0,0,1,1,1,0,1,1,1,139,4,1,1,1,0,0,0,44,1936,1,1,6.3,39.69
50963,0,0,0,1,0,1,2,1,0,0,1,0,158,4,1,1,1,1,0,0,77.525,6010.125625,1,1,8.9,79.21
80260,0,0,1,0,0,0,2,1,0,1,1,1,142,5,1,1,1,1,0,0,69.49,4828.8601,1,0,4.5,20.25
43297,0,0,1,0,0,1,1,1,0,0,1,1,135,5,1,1,1,1,1,1,189,35721,1,0,3.3,10.89
50216,0,0,1,0,0,1,2,1,0,0,0,1,180,4,1,1,1,1,1,0,136,18496,1,1,8,64
22836,0,0,1,0,0,1,1,1,0,0,2,0,189,4,1,1,1,1,1,1,196,38416,1,1,8.4,70.56
83589,0,0,0,1,0,1,0,1,1,0,2,1,125,4,1,1,1,1,1,1,165,27225,1,1,8.3,68.89
54176,0,1,0,0,0,0,0,1,0,0,0,0,136,5,1,1,1,0,0,0,47.5,2256.25,0,0,2.8,7.84
85125,0,0,0,1,0,1,2,1,0,0,0,1,159,4,1,1,1,1,1,1,159.422,25415.374084,1,1,6.4,40.96
99922,0,0,1,0,0,1,0,1,0,0,1,1,135,5,1,1,1,0,0,0,41,1681,0,0,1.6,2.56
36478,0,0,1,0,0,1,1,1,0,1,1,1,122,5,1,1,1,1,0,0,79.99,6398.4001,1,0,4.2,17.64
25023,0,0,1,0,0,1,1,1,0,0,0,1,113,5,1,1,1,1,1,0,109,11881,1,0,4.4,19.36
76396,1,0,0,0,0,1,1,1,0,0,0,1,124,5,1,1,1,1,1,0,121.377,14732.376129,1,0,3.7,13.69
56419,1,0,0,0,0,0,2,1,0,0,1,1,172,5,1,1,1,1,0,0,59.585,3550.372225,1,0,5.8,33.64
96577,0,0,0,0,1,1,1,1,0,0,1,1,114,5,1,1,1,1,1,0,117.133,13720.139689,1,0,3.6,12.96
41306,0,0,0,1,0,1,1,1,0,0,2,1,129,5,1,0,0,0,0,0,24.608,605.553664,0,0,1.1,1.21
13626,1,0,0,0,0,0,2,1,0,0,0,1,223,4,1,1,1,1,0,0,99.654,9930.919716,1,1,7.6,57.76
17037,0,0,0,1,0,0,2,1,1,0,0,1,177,4,1,1,1,1,1,1,162,26244,1,1,11.8,139.24
66818,1,0,0,0,0,1,1,1,0,0,1,1,127,5,1,1,1,1,0,0,90.864,8256.266496,0,0,2.2,4.84
31256,0,0,0,1,0,0,2,0,0,0,0,0,177,4,1,1,1,1,1,1,180,32400,1,1,10.6,112.36
55013,0,0,0,0,1,0,0,0,1,0,0,1,149,5,1,1,1,1,0,0,87,7569,1,0,4.2,17.64
88500,0,1,0,0,0,1,1,1,0,0,0,0,102,6,0,0,0,0,0,0,14.95,223.5025,0,0,1.4,1.96
77993,0,0,0,1,0,1,1,1,0,0,1,0,124,5,1,1,1,0,0,0,45.01,2025.9001,0,0,2.9,8.41
61473,0,0,0,0,1,0,2,1,0,0,1,0,139,5,1,1,1,1,0,0,64.588,4171.609744,1,0,3.2,10.24
43018,1,0,0,0,0,0,1,1,0,0,2,1,226,4,1,1,1,1,0,0,58,3364,1,1,7.3,53.29
13466,0,0,0,1,0,0,0,1,0,0,1,1,147,4,1,1,1,1,0,0,83,6889,1,1,6.2,38.44
88798,1,0,0,0,0,1,1,1,0,1,1,1,134,5,1,1,1,1,0,0,91.682,8405.589124,1,0,3.1,9.61
8295,0,1,0,0,0,1,2,1,0,0,0,1,125,5,1,1,1,1,0,0,59.5,3540.25,1,0,3.4,11.56
72597,0,0,0,1,0,0,2,1,1,0,1,0,177,4,1,1,1,1,1,1,179,32041,1,1,12.5,156.25
14636,0,0,0,1,0,0,2,1,0,0,0,1,177,4,1,1,1,1,1,1,164,26896,1,1,10.6,112.36
56015,1,0,0,0,0,1,1,1,0,0,1,1,124,5,1,1,1,1,1,0,110.803,12277.304809,1,0,3.3,10.89
70710,0,0,0,0,1,0,2,1,0,1,1,0,151,4,1,1,1,1,0,0,66.7,4448.89,1,0,5.7,32.49
33456,0,1,0,0,0,1,1,1,0,0,1,1,128,5,1,1,1,1,1,0,104.4,10899.36,1,0,3.1,9.61
93358,0,0,0,1,0,1,2,1,0,0,1,1,124,5,1,1,1,1,1,0,106.8,11406.24,1,0,3.6,12.96
76437,0,0,0,1,0,1,1,1,0,0,1,0,119,5,1,1,1,1,0,0,86.1,7413.21,1,0,3.2,10.24
10679,0,0,1,0,0,1,1,1,0,1,0,1,136,5,1,1,1,1,1,0,135.67,18406.3489,0,0,2.5,6.25
47640,0,1,0,0,0,0,1,1,0,1,1,1,119,5,1,0,0,0,0,0,24.546,602.506116,0,0,1.1,1.21
69178,0,0,0,1,0,0,0,0,1,0,2,0,147,5,1,1,1,1,0,0,53.9,2905.21,1,0,3.9,15.21
61461,1,0,0,0,0,1,1,1,0,1,1,1,130,5,1,1,1,1,1,0,112.817,12727.675489,1,0,4,16
80002,0,0,0,0,1,1,1,1,0,0,2,0,109,5,1,1,1,0,0,0,48.104,2313.994816,0,0,2.1,4.41
16231,1,0,0,0,0,1,0,1,0,0,2,1,124,5,1,1,1,1,0,0,75,5625,1,0,4,16
53499,0,0,0,1,0,1,2,1,0,0,0,0,120,5,1,1,1,1,0,0,92,8464,1,0,4.9,24.01
85983,0,1,0,0,0,1,1,1,0,0,1,1,139,5,1,1,1,1,1,0,131.8,17371.24,1,0,3.2,10.24
91203,1,0,0,0,0,1,0,1,0,0,2,1,124,5,1,1,1,1,1,0,106.8,11406.24,1,0,3.8,14.44
76715,1,0,0,0,0,1,1,1,0,1,1,1,157,5,1,1,1,1,1,0,149.8,22440.04,1,0,5.4,29.16
86461,0,1,0,0,0,1,1,1,0,0,1,0,102,5,1,1,1,1,1,1,174.441,30429.662481,0,0,2.5,6.25
74695,0,1,0,0,0,1,1,1,0,0,2,1,103,6,1,0,0,0,0,0,24.55,602.7025,0,0,1,1
49471,0,0,0,1,0,1,1,1,0,0,0,1,142,5,1,1,1,1,1,1,171.2,29309.44,1,0,5.5,30.25
103930,0,0,1,0,0,1,1,1,0,0,1,1,122,5,1,1,1,1,0,0,76.37,5832.3769,0,0,2.3,5.29
28081,0,0,1,0,0,1,1,1,0,0,1,0,121,5,1,1,1,1,0,0,84.6,7157.16,1,0,4.7,22.09
4137,0,0,1,0,0,0,1,1,1,0,0,1,213,4,1,1,1,1,1,1,150,22500,1,1,7.8,60.84
10742,0,1,0,0,0,1,0,1,0,0,2,0,139,4,1,1,1,1,1,0,140.717,19801.274089,1,1,6.4,40.96
64616,0,0,0,1,0,0,0,1,0,0,0,1,158,5,1,0,0,0,0,0,25,625,0,0,2.5,6.25
60425,0,1,0,0,0,0,0,1,0,0,2,0,109,5,1,1,1,1,1,0,131.864,17388.114496,1,0,4.2,17.64
17474,0,0,1,0,0,1,0,0,1,0,2,0,158,4,1,1,1,1,1,1,159.999,25599.680001,1,1,9.6,92.16
93577,0,0,0,1,0,1,2,0,1,0,0,1,128,5,1,1,1,1,1,1,184.5,34040.25,1,0,4.6,21.16
66541,0,0,0,1,0,1,1,1,0,0,1,1,120,5,1,1,1,1,1,1,196,38416,1,0,4.2,17.64
98316,0,0,1,0,0,1,1,1,0,0,2,1,124,5,1,1,1,1,1,0,119.52,14285.0304,1,0,3.8,14.44
20636,0,0,1,0,0,1,0,1,0,0,2,0,120,5,1,1,1,1,1,0,116.72,13623.5584,1,0,3.4,11.56
17093,0,1,0,0,0,1,1,1,0,1,1,1,119,5,1,1,1,1,0,0,91.095,8298.299025,1,0,3.2,10.24
62879,0,0,0,1,0,1,1,1,0,0,1,1,124,5,1,1,1,1,1,0,122,14884,1,0,3.2,10.24
65392,0,0,0,1,0,1,2,1,0,0,0,1,132,5,1,0,0,0,0,0,22.815,520.524225,0,0,1.7,2.89
43504,0,0,0,0,1,1,1,1,0,0,0,1,109,5,1,1,1,0,0,0,42.416,1799.117056,1,0,3.8,14.44
65041,0,0,1,0,0,1,2,1,0,0,1,0,122,5,1,1,1,1,0,0,79.555,6328.998025,0,0,2.7,7.29
9577,1,0,0,0,0,0,2,1,0,0,0,1,223,4,1,1,1,1,0,0,99.654,9930.919716,1,1,7.6,57.76
18358,1,0,0,0,0,1,1,1,0,0,1,1,127,5,1,1,1,1,1,0,105,11025,1,0,4,16
47960,0,0,1,0,0,1,1,1,0,0,1,0,123,5,1,1,1,1,1,0,120.95,14628.9025,1,0,3.7,13.69
1860,0,0,1,0,0,1,1,1,0,0,1,1,122,5,1,1,1,1,1,0,114.9,13202.01,1,0,3.3,10.89
77049,1,0,0,0,0,1,1,1,0,1,1,1,117,6,1,0,0,0,0,0,22.6,510.76,0,0,1.4,1.96
77953,0,0,1,0,0,1,1,1,0,0,1,1,123,5,1,1,1,1,1,0,121.826,14841.574276,1,0,3.2,10.24
29600,0,0,0,1,0,1,2,1,0,0,1,1,128,5,1,1,1,1,1,0,114.539,13119.182521,1,0,4.8,23.04
18452,0,0,1,0,0,1,1,1,0,0,0,0,116,5,1,1,1,1,1,1,153.97,23706.7609,1,0,3.3,10.89
82973,0,0,0,1,0,1,1,1,0,0,1,1,124,5,1,1,1,1,0,0,51.915,2695.167225,1,0,3.1,9.61
30797,1,0,0,0,0,1,1,1,0,0,2,1,114,6,0,0,0,0,0,0,18.157,329.676649,0,0,1.1,1.21
44126,1,0,0,0,0,1,1,1,0,0,1,1,124,5,1,1,1,1,0,0,86.372,7460.122384,0,0,2.3,5.29
52000,0,0,0,0,1,0,0,1,0,0,1,0,161,4,1,1,1,1,1,0,109.25,11935.5625,1,1,7.9,62.41
56323,0,0,1,0,0,0,1,1,0,0,1,1,164,5,1,1,1,1,0,0,70.726,5002.167076,1,0,4.5,20.25
83867,0,0,0,1,0,1,1,1,0,0,2,1,116,6,1,0,0,0,0,0,24.268,588.935824,1,0,3.1,9.61
19483,0,0,1,0,0,1,1,1,0,0,1,1,136,5,1,1,1,1,1,0,106.537,11350.132369,1,0,3.1,9.61
41121,0,0,0,1,0,0,3,1,0,0,1,1,182,4,1,1,1,1,1,1,161,25921,1,1,8.5,72.25
17629,0,0,1,0,0,1,1,1,0,0,1,1,120,5,1,1,1,1,1,1,159.102,25313.446404,1,0,4.5,20.25
69717,0,0,0,0,1,1,0,0,1,0,0,0,149,5,1,1,1,1,0,0,87,7569,1,0,5.8,33.64
92492,1,0,0,0,0,1,0,1,0,0,2,0,127,5,1,1,0,0,0,0,36.589,1338.754921,0,0,2.5,6.25
35818,0,0,1,0,0,0,1,1,0,0,1,1,142,5,1,0,0,0,0,0,26.629,709.103641,0,0,1.3,1.69
58698,0,0,1,0,0,1,1,1,0,0,1,1,122,5,1,1,1,1,1,0,143.65,20635.3225,1,0,3.3,10.89
90825,0,0,1,0,0,1,1,1,0,0,1,1,116,5,1,1,1,1,1,1,154.588,23897.449744,1,0,3.2,10.24
35343,0,0,0,1,0,1,2,0,1,0,0,1,163,5,1,1,1,1,0,0,66,4356,1,0,4.1,16.81
44936,0,0,0,1,0,1,1,1,0,0,2,0,119,5,1,1,1,1,0,0,50.309,2530.995481,1,0,3.1,9.61
76554,0,0,0,0,1,1,1,1,0,0,0,1,129,5,1,1,1,0,0,0,46.749,2185.469001,0,0,1.9,3.61
10997,1,0,0,0,0,1,2,1,0,0,0,0,199,4,1,1,1,1,1,0,148.2,21963.24,1,1,6.9,47.61
92521,0,0,0,0,1,1,1,1,0,0,0,1,154,5,1,1,1,1,1,1,187,34969,1,0,4.4,19.36
83772,0,0,1,0,0,1,0,1,0,0,1,1,163,4,1,1,1,1,1,1,169.85,28849.0225,1,1,6.5,42.25
38345,1,0,0,0,0,1,1,1,0,1,0,1,127,1,1,1,1,1,0,0,74.965,5619.751225,0,0,2.6,6.76
35569,0,0,1,0,0,1,1,1,0,0,1,1,139,5,1,1,1,1,0,0,72.924,5317.909776,1,0,4.1,16.81
6628,0,1,0,0,0,1,1,1,0,0,1,1,102,5,1,0,0,0,0,0,25.94,672.8836,0,0,1,1
90076,0,0,0,1,0,1,2,1,0,0,0,1,162,5,1,1,1,1,0,0,89,7921,1,1,6.1,37.21
102179,0,0,1,0,0,1,2,1,0,0,1,1,169,4,1,1,1,1,1,0,129.22,16697.8084,1,1,9.1,82.81
25263,0,1,0,0,0,1,1,1,0,0,0,1,128,5,1,1,1,1,1,0,134,17956,1,0,4.6,21.16
104468,0,0,0,0,1,1,0,1,0,0,2,1,119,5,1,1,1,1,0,0,99.846,9969.223716,1,0,5.5,30.25
17814,0,1,0,0,0,1,1,1,0,0,1,1,109,5,1,1,1,1,0,0,86.65,7508.2225,1,0,3.2,10.24
14937,0,0,1,0,0,1,0,0,1,0,2,0,159,5,1,1,1,1,1,1,184.2,33929.64,1,1,6.2,38.44
97426,0,0,0,0,1,1,2,1,0,0,0,0,149,4,1,1,1,1,1,0,118.6,14065.96,1,1,8.1,65.61
11525,0,0,0,1,0,1,0,1,0,0,1,1,149,5,1,1,1,1,1,0,114,12996,1,1,7.1,50.41
27231,0,0,1,0,0,1,1,1,0,0,1,1,125,6,0,0,0,0,0,0,18.704,349.839616,0,0,1.2,1.44
104201,0,0,0,1,0,1,1,1,0,0,0,0,143,5,1,1,1,1,0,0,51,2601,0,0,2.1,4.41
70884,0,0,0,0,1,0,0,1,0,0,1,0,144,5,1,1,0,0,0,0,36.9,1361.61,1,0,3.2,10.24
60299,0,0,1,0,0,1,1,1,0,0,1,1,135,5,1,1,1,1,1,0,130,16900,1,0,3.6,12.96
27976,0,0,1,0,0,1,1,1,0,0,1,0,136,5,1,1,1,1,1,1,189.3,35834.49,1,0,4.5,20.25
9464,0,0,1,0,0,1,1,1,0,0,2,0,120,5,1,1,1,1,0,0,89.95,8091.0025,0,0,2.2,4.84
48328,0,0,1,0,0,1,1,1,0,0,1,1,135,5,1,1,1,1,1,0,107.011,11451.354121,1,0,3.1,9.61
8685,0,0,0,1,0,1,1,1,0,1,1,1,119,5,1,1,1,1,1,0,138.186,19095.370596,1,0,4.2,17.64
52456,0,0,1,0,0,1,2,1,0,0,0,1,136,5,1,1,1,1,1,1,155,24025,1,0,4.9,24.01
57004,0,1,0,0,0,1,1,1,0,0,0,1,111,5,1,1,1,1,0,0,52.279,2733.093841,0,0,1.7,2.89
49469,0,0,1,0,0,1,0,0,1,0,2,0,149,5,1,1,1,1,0,0,81,6561,1,0,4.3,18.49
80564,0,0,0,0,1,1,1,1,0,0,1,1,135,5,1,1,1,1,1,0,131.813,17374.666969,1,0,3.2,10.24
37915,0,1,0,0,0,1,1,1,0,0,0,1,137,4,1,1,1,1,1,0,112.12,12570.8944,1,1,8.2,67.24
99247,0,0,0,1,0,1,1,1,0,0,2,0,123,5,1,1,1,0,0,0,45.7,2088.49,1,0,3.1,9.61
66806,0,0,0,1,0,1,1,1,0,0,2,1,124,5,1,1,1,1,1,1,158,24964,1,0,3.3,10.89
22246,0,1,0,0,0,0,2,1,0,0,1,1,148,5,1,0,0,0,0,0,22.317,498.048489,1,0,4.1,16.81
83828,0,0,0,0,1,1,0,1,0,0,2,0,119,5,1,1,1,1,0,0,76.3,5821.69,1,0,4.3,18.49
98220,0,0,0,1,0,0,0,0,0,0,0,0,199,4,1,1,1,1,1,1,177.379,31463.309641,1,1,12.8,163.84
10452,0,0,1,0,0,1,0,0,0,0,2,0,120,5,1,1,1,1,1,0,125.159,15664.775281,1,0,4.8,23.04
57121,0,0,0,1,0,1,0,1,0,1,0,1,158,4,1,1,1,1,1,0,141,19881,1,1,10.2,104.04
3229,0,0,1,0,0,1,1,1,0,0,2,1,135,5,1,1,1,1,1,1,194.915,37991.857225,1,0,3.2,10.24
69700,0,0,1,0,0,1,1,1,0,0,1,1,120,5,1,1,1,1,0,0,54.369,2955.988161,1,0,4.3,18.49
12186,0,1,0,0,0,0,1,1,0,0,1,1,124,5,1,0,0,0,0,0,26.5,702.25,0,0,1.1,1.21
61715,0,1,0,0,0,1,1,1,0,0,1,1,104,5,1,0,0,0,0,0,25.55,652.8025,0,0,1,1
31948,0,0,1,0,0,1,1,1,0,0,1,1,135,4,1,1,1,1,0,0,59.5,3540.25,1,0,3.7,13.69
42894,1,0,0,0,0,0,2,1,0,0,1,1,160,5,1,1,1,0,0,0,44.25,1958.0625,1,0,3.6,12.96
36324,0,1,0,0,0,0,2,1,0,0,0,1,126,6,0,0,0,0,0,0,11.73,137.5929,0,0,1.4,1.96
67709,0,1,0,0,0,0,1,1,0,0,1,1,123,5,1,1,1,1,0,0,65.9,4342.81,1,0,3.2,10.24
20383,0,0,1,0,0,1,1,1,0,0,1,1,120,5,1,1,1,1,1,0,149.69,22407.0961,1,0,4.3,18.49
89849,0,0,1,0,0,1,2,1,0,0,0,0,146,5,1,1,1,1,1,1,198.812,39526.211344,1,1,6.6,43.56
44057,0,0,1,0,0,1,1,0,1,0,0,1,120,5,1,1,1,1,1,0,125,15625,1,0,3.7,13.69
21000,0,0,0,1,0,1,0,1,0,0,2,0,184,4,1,1,1,1,1,0,111.86,12512.6596,1,1,8.9,79.21
98275,0,0,0,1,0,1,3,0,1,0,1,1,163,5,1,1,1,1,0,0,83,6889,1,0,5,25
66348,0,0,0,1,0,1,1,0,0,0,2,1,123,5,1,1,1,1,1,0,145,21025,1,0,3.3,10.89
43314,0,0,1,0,0,1,1,1,0,0,0,1,136,5,1,1,1,1,1,0,122,14884,0,0,2.4,5.76
37842,0,0,0,1,0,1,2,1,0,0,2,1,125,4,1,1,1,1,1,1,199.9,39960.01,1,1,7.3,53.29
81804,1,0,0,0,0,1,1,1,0,0,1,1,124,5,1,0,0,0,0,0,29.557,873.616249,1,0,3.7,13.69
7746,0,0,0,1,0,1,1,1,0,0,1,1,112,5,1,1,1,1,0,0,54.687,2990.667969,0,0,2.4,5.76
46347,0,0,0,1,0,1,1,1,0,0,1,0,122,5,1,1,1,1,0,0,74.798,5594.740804,1,0,3,9
92722,0,0,0,0,1,1,2,0,1,0,1,0,143,4,1,1,1,1,1,0,135,18225,1,1,7.3,53.29
71322,0,0,1,0,0,1,0,1,1,0,0,1,146,5,1,1,1,1,1,0,117.34,13768.6756,1,1,7.1,50.41
83665,0,0,1,0,0,0,2,1,0,0,0,1,102,5,1,1,1,1,0,0,78.651,6185.979801,1,0,4.2,17.64
12109,0,0,1,0,0,1,1,1,0,0,1,1,122,5,1,1,1,1,1,0,131.118,17191.929924,1,0,3.4,11.56
4449,0,1,0,0,0,1,1,0,0,0,1,1,119,5,1,1,1,1,1,0,147.432,21736.194624,1,0,4,16
32018,0,0,0,1,0,1,3,1,0,0,0,0,181,5,1,1,1,1,1,0,120.8,14592.64,1,0,4.9,24.01
93653,0,0,0,1,0,1,2,1,0,0,2,0,155,4,1,1,1,1,1,1,199.999,39999.600001,1,1,8.9,79.21
36560,0,0,1,0,0,0,0,1,0,0,2,0,213,4,1,1,1,1,0,0,62.1,3856.41,1,1,8.6,73.96
66394,0,0,1,0,0,1,1,1,0,0,1,1,120,5,1,1,1,1,1,0,117.219,13740.293961,1,0,3.4,11.56
61492,0,0,0,0,1,1,1,1,0,0,2,1,119,5,1,1,1,1,1,1,169.33,28672.6489,1,0,5.1,26.01
38718,0,0,1,0,0,1,1,1,0,0,0,1,135,5,1,1,1,1,0,0,68.7,4719.69,1,0,3.5,12.25
60231,1,0,0,0,0,1,0,1,0,0,1,1,151,5,1,1,1,0,0,0,48.602,2362.154404,0,0,2.5,6.25
54581,0,0,0,1,0,1,2,1,0,0,0,1,162,4,1,1,1,1,1,0,117.8,13876.84,1,1,7.3,53.29
95637,1,0,0,0,0,1,2,1,0,0,0,1,124,5,1,1,1,1,1,0,135.84,18452.5056,1,0,3.9,15.21
51859,0,0,0,1,0,1,0,1,0,0,2,0,124,5,1,1,1,1,1,0,124,15376,1,0,3.1,9.61
103772,0,0,1,0,0,1,1,1,0,0,1,1,113,5,1,1,1,1,1,0,105.024,11030.040576,1,0,4.3,18.49
72768,0,0,0,0,1,1,1,1,0,0,1,1,135,5,1,1,1,1,1,0,140.028,19607.840784,1,0,4.4,19.36
17884,1,0,0,0,0,0,0,1,1,0,2,1,164,4,1,1,1,1,0,0,98.7,9741.69,1,1,7,49
54143,0,1,0,0,0,1,2,1,0,0,1,1,128,5,1,1,1,1,0,0,81,6561,1,0,3.3,10.89
45318,0,0,0,1,0,0,3,1,0,1,1,0,182,4,1,1,1,1,0,0,83.348,6946.889104,1,1,8.6,73.96
10005,1,0,0,0,0,1,0,1,0,0,1,1,171,5,1,1,1,1,0,0,95.9,9196.81,1,0,4.4,19.36
42664,0,0,1,0,0,1,0,0,1,0,2,0,135,5,1,1,1,1,0,0,59,3481,1,0,3.3,10.89
158,0,0,1,0,0,1,1,1,0,0,1,1,116,5,1,1,1,1,0,0,74.861,5604.169321,1,0,4.7,22.09
14026,0,1,0,0,0,0,1,1,0,0,1,1,143,5,1,1,0,0,0,0,35.12,1233.4144,1,0,3.2,10.24
43330,1,0,0,0,0,0,1,1,0,0,2,0,176,5,1,1,1,0,0,0,47.779,2282.832841,1,0,4.2,17.64
54673,0,0,0,1,0,1,0,1,1,0,2,0,119,5,1,1,1,1,0,0,72,5184,1,0,4.7,22.09
96456,0,0,0,1,0,0,2,0,0,0,0,1,185,4,1,1,1,1,1,1,189.578,35939.818084,1,1,12.4,153.76
96444,0,0,1,0,0,1,2,1,0,0,1,1,151,5,1,1,1,1,0,0,96.25,9264.0625,1,0,4.2,17.64
56738,1,0,0,0,0,1,2,1,1,0,0,1,191,5,1,1,1,1,1,1,152,23104,1,1,7.3,53.29
23458,0,0,1,0,0,1,1,1,0,0,0,1,120,5,1,1,1,1,1,0,145,21025,1,0,3.4,11.56
71655,1,0,0,0,0,1,1,1,0,0,1,1,133,5,1,1,1,1,0,0,51.652,2667.929104,0,0,2.4,5.76
96279,0,0,0,1,0,1,3,1,0,0,0,1,125,4,1,1,1,1,1,0,146,21316,1,1,8.3,68.89
90675,0,0,0,1,0,1,4,1,0,0,0,0,158,4,1,1,1,1,1,0,149.411,22323.646921,1,1,10.5,110.25
47132,0,0,1,0,0,1,2,1,0,0,2,1,177,4,1,1,1,1,1,0,149.881,22464.314161,1,1,9.1,82.81
51672,0,1,0,0,0,1,1,1,0,0,1,1,128,5,1,1,1,1,0,0,76.44,5843.0736,1,0,3.1,9.61
13399,0,1,0,0,0,1,0,0,0,0,2,0,109,5,1,1,1,1,1,0,118.471,14035.377841,1,0,4.2,17.64
16782,0,1,0,0,0,1,1,1,0,0,1,1,102,5,1,1,1,0,0,0,44.85,2011.5225,0,0,1.9,3.61
71233,0,0,0,1,0,1,1,1,0,1,1,1,177,5,1,1,1,1,0,0,91.23,8322.9129,0,0,2.9,8.41
15024,0,0,1,0,0,1,1,1,0,0,1,1,122,5,1,0,0,0,0,0,27.698,767.179204,0,0,1.2,1.44
6209,0,0,0,0,1,1,1,1,0,0,0,1,119,5,1,1,1,1,0,0,75.8,5745.64,1,0,3.8,14.44
44222,0,0,0,1,0,1,1,1,0,0,2,0,135,5,1,1,1,1,0,0,67.072,4498.653184,1,0,3.1,9.61
41044,0,0,0,1,0,1,1,1,0,0,1,0,119,5,1,1,1,1,0,0,66.904,4476.145216,1,0,3.1,9.61
85274,0,0,0,1,0,1,1,1,0,0,1,0,123,5,0,0,0,0,0,0,11.3,127.69,0,0,2.6,6.76
52524,0,0,0,1,0,1,1,1,0,0,1,1,142,5,1,1,1,1,1,0,121.65,14798.7225,0,0,2.8,7.84
99810,1,0,0,0,0,1,1,1,0,0,1,1,114,5,1,1,1,1,0,0,91.4,8353.96,1,0,3.4,11.56
16447,0,0,1,0,0,1,1,1,0,0,0,1,123,5,1,1,1,1,1,0,124.54,15510.2116,1,0,3.3,10.89
62725,0,0,1,0,0,1,3,1,1,0,0,0,184,4,1,1,1,1,1,1,178,31684,1,1,8.3,68.89
125,0,0,1,0,0,1,1,1,0,0,2,0,135,5,1,0,0,0,0,0,25.207,635.392849,0,0,1.3,1.69
29899,0,1,0,0,0,1,1,1,1,0,0,1,119,5,1,1,1,0,0,0,41,1681,0,0,2.3,5.29
48585,1,0,0,0,0,1,1,1,0,0,2,1,147,5,1,1,1,1,0,0,78,6084,0,0,2.1,4.41
9426,1,0,0,0,0,1,1,1,0,0,1,1,136,5,1,1,1,1,1,0,102.5,10506.25,1,0,3.1,9.61
29213,0,0,0,1,0,1,2,1,0,0,1,0,135,5,1,1,1,1,0,0,51.834,2686.763556,0,0,2.9,8.41
79037,0,0,1,0,0,1,1,1,0,0,1,1,122,5,1,1,1,1,0,0,59.566,3548.108356,1,0,3.3,10.89
51175,0,0,0,1,0,1,1,1,0,0,2,1,129,5,1,1,0,0,0,0,32.05,1027.2025,0,0,2.5,6.25
917,0,0,0,1,0,0,2,1,0,0,0,1,208,4,1,1,1,1,1,1,173.973,30266.604729,1,1,8.8,77.44
96349,0,0,0,1,0,1,2,1,0,0,0,1,146,4,1,1,1,1,0,0,76.42,5840.0164,1,1,7.7,59.29
45824,0,0,0,1,0,1,2,1,0,0,0,0,120,5,1,1,1,1,0,0,65,4225,1,1,6.7,44.89
69934,1,0,0,0,0,1,2,1,0,0,0,1,133,5,1,1,1,1,0,0,91.9,8445.61,1,0,4.1,16.81
101996,0,0,0,0,1,1,1,1,0,0,0,1,119,5,1,1,1,1,1,0,138.937,19303.489969,1,0,4.7,22.09
2448,0,0,1,0,0,1,0,1,1,0,2,0,120,5,1,1,1,1,1,1,164,26896,1,0,4,16
142,1,0,0,0,0,1,0,1,0,0,2,1,180,4,1,1,1,1,1,1,159,25281,1,1,6.6,43.56
61268,0,1,0,0,0,1,0,1,0,1,2,0,109,5,1,0,0,0,0,0,26,676,0,0,1.1,1.21
36006,0,0,1,0,0,1,0,0,0,0,1,1,159,5,1,1,1,1,1,0,108,11664,1,0,5.5,30.25
4657,0,0,1,0,0,0,2,1,1,0,0,1,229,5,1,1,1,1,0,0,60,3600,1,1,6.3,39.69
16598,0,0,0,1,0,1,2,1,0,0,1,0,128,5,1,1,1,1,0,0,82.101,6740.574201,1,0,3.7,13.69
23852,1,0,0,0,0,1,1,1,0,1,0,0,151,5,1,1,1,1,0,0,55.004,3025.440016,1,0,3.6,12.96
6502,0,0,0,1,0,1,1,1,0,0,0,1,119,5,1,1,0,0,0,0,38.1,1451.61,0,0,2.5,6.25
16928,0,1,0,0,0,1,2,0,1,0,0,1,109,5,1,1,1,1,1,0,103.952,10806.018304,1,0,4.6,21.16
84387,0,0,0,1,0,1,1,1,0,0,1,1,123,5,1,1,1,0,0,0,47.471,2253.495841,1,0,3.1,9.61
44649,0,0,1,0,0,1,1,1,0,0,1,1,159,5,1,1,1,1,1,0,106.528,11348.214784,1,1,6.7,44.89
4389,0,0,0,0,1,0,0,1,0,0,1,0,139,5,1,1,1,1,0,0,56,3136,1,0,4.4,19.36
103869,0,0,1,0,0,1,1,1,0,0,0,1,151,5,1,1,1,1,0,0,83,6889,0,0,2.4,5.76
36008,1,0,0,0,0,0,2,1,1,0,0,1,139,6,0,0,0,0,0,0,16.5,272.25,0,0,2.4,5.76
75341,0,0,0,0,1,0,2,1,0,0,1,0,152,5,1,1,1,1,0,0,80.952,6553.226304,1,0,4.6,21.16
63717,0,1,0,0,0,1,1,1,0,0,2,1,137,4,1,1,1,1,0,0,75.64,5721.4096,1,1,7,49
39852,0,0,1,0,0,1,2,1,0,0,1,1,156,4,1,1,1,1,1,1,200,40000,1,1,9,81
32660,0,1,0,0,0,0,2,1,0,0,1,1,124,5,1,1,1,0,0,0,42.363,1794.623769,0,0,2.3,5.29
100127,0,0,1,0,0,1,1,1,0,0,1,1,177,4,1,1,1,1,1,1,185,34225,1,1,6.6,43.56
93083,0,1,0,0,0,0,0,1,0,0,2,0,146,5,1,1,1,1,0,0,78.488,6160.366144,1,0,4.1,16.81
55898,0,1,0,0,0,1,1,1,0,1,0,1,108,6,0,0,0,0,0,0,12.25,150.0625,0,0,1.2,1.44
77603,1,0,0,0,0,0,2,1,0,0,1,1,184,4,1,1,1,1,0,0,87,7569,1,1,7,49
31850,0,0,0,0,1,0,2,1,0,1,1,1,145,5,1,1,1,1,0,0,62.5,3906.25,1,0,4.4,19.36
27673,0,0,0,0,1,0,2,1,0,0,0,1,178,4,1,1,1,1,1,1,157.452,24791.132304,1,1,8.9,79.21
32155,0,0,1,0,0,1,1,1,0,0,0,1,135,5,1,1,1,1,1,1,153.817,23659.669489,1,0,3.8,14.44
45286,0,1,0,0,0,1,1,1,0,0,0,1,109,5,1,1,1,1,0,0,98.887,9778.638769,1,0,3.8,14.44
103997,0,0,1,0,0,1,1,1,0,0,2,1,116,5,1,1,1,1,0,0,67.382,4540.333924,1,0,4.5,20.25
8977,0,1,0,0,0,1,1,1,0,0,1,1,148,5,1,1,1,1,0,0,70.2,4928.04,1,0,3,9
13558,1,0,0,0,0,1,1,1,0,0,0,1,124,5,1,1,1,1,0,0,99.1,9820.81,1,0,3.4,11.56
90552,0,0,0,1,0,1,0,1,0,0,2,0,124,5,1,1,1,0,0,0,47.9,2294.41,1,0,3.2,10.24
20858,0,0,0,0,1,0,2,1,1,0,1,1,185,4,1,1,1,1,0,0,84,7056,1,1,7.1,50.41
101729,1,0,0,0,0,1,2,0,1,0,0,1,180,5,1,1,1,1,1,0,145,21025,1,1,6.4,40.96
100978,0,1,0,0,0,0,2,1,0,0,1,1,119,6,0,0,0,0,0,0,16.69,278.5561,0,0,1.7,2.89
81390,0,0,1,0,0,1,1,1,0,1,0,1,120,5,1,1,1,1,0,0,92.6,8574.76,1,0,4.4,19.36
59029,0,0,1,0,0,1,1,1,0,0,0,1,121,5,1,1,1,1,1,0,113,12769,1,0,3.7,13.69
96957,0,0,0,1,0,0,3,1,0,0,0,1,199,4,1,1,1,1,1,0,113.27,12830.0929,1,1,11.7,136.89
4757,0,0,1,0,0,1,1,1,0,0,1,1,120,5,1,1,1,1,1,0,122.551,15018.747601,1,0,4.2,17.64
93240,0,0,0,0,1,1,1,1,0,0,1,1,119,5,1,1,1,1,1,0,147.626,21793.435876,1,0,3.2,10.24
33505,0,1,0,0,0,1,1,1,0,0,1,1,119,5,1,1,1,1,0,0,59.048,3486.666304,1,0,3.3,10.89
81293,0,0,1,0,0,1,1,1,0,0,1,1,122,5,1,1,1,1,0,0,92.5,8556.25,1,0,3.4,11.56
87702,0,0,0,1,0,1,2,1,1,0,2,1,142,5,1,1,1,1,0,0,50.15,2515.0225,1,0,4.9,24.01
75973,0,1,0,0,0,1,1,1,0,0,0,1,113,5,1,1,1,1,1,0,138.592,19207.742464,1,0,3.9,15.21
30940,0,0,1,0,0,1,1,1,0,0,1,1,139,5,1,1,1,1,0,0,88.013,7746.288169,1,0,3.2,10.24
86693,0,0,1,0,0,1,1,1,0,0,2,0,122,5,1,1,1,1,0,0,70,4900,1,0,4.2,17.64
45568,1,0,0,0,0,1,1,1,0,0,1,1,124,5,1,1,1,1,0,0,95.038,9032.221444,0,0,2.7,7.29
35218,0,1,0,0,0,1,1,1,0,0,1,1,109,5,1,1,1,1,0,0,62.606,3919.511236,1,0,4.3,18.49
31063,0,0,1,0,0,1,1,1,0,0,1,1,123,5,1,1,1,0,0,0,40.75,1660.5625,0,0,1.2,1.44
60533,1,0,0,0,0,1,0,1,0,0,0,1,154,5,1,1,1,1,1,0,131.5,17292.25,1,1,6.3,39.69
44490,0,0,0,1,0,1,1,0,0,0,2,1,184,4,1,1,1,1,1,0,142.99,20446.1401,1,1,9.4,88.36
37077,0,0,1,0,0,1,1,1,0,0,1,1,122,5,1,1,1,1,0,0,70.004,4900.560016,1,0,3.1,9.61
64677,0,1,0,0,0,1,1,1,0,0,0,1,148,5,1,1,1,1,0,0,69.952,4893.282304,1,0,3.4,11.56
41922,1,0,0,0,0,1,1,1,0,0,2,1,127,5,1,1,1,1,1,0,139.287,19400.868369,1,0,4.7,22.09
28461,0,0,1,0,0,0,1,1,0,0,0,1,160,5,1,0,0,0,0,0,20.6,424.36,1,0,4.1,16.81
79439,0,0,0,0,1,0,0,0,1,0,0,0,161,4,1,1,1,1,1,0,109,11881,1,1,9.9,98.01
99150,0,1,0,0,0,1,2,1,0,1,1,1,128,5,1,1,1,0,0,0,42.9,1840.41,1,0,3.5,12.25
76251,0,0,1,0,0,1,1,1,0,0,1,1,135,5,1,1,1,1,0,0,50.045,2504.502025,0,0,1.4,1.96
48972,0,0,1,0,0,1,0,1,0,0,0,0,121,5,1,1,1,1,1,1,186.14,34648.0996,1,0,4.4,19.36
90897,0,0,1,0,0,1,0,1,1,0,2,0,149,5,1,1,1,1,1,1,165,27225,1,0,5.3,28.09
92379,0,0,0,0,1,0,2,1,0,1,1,1,158,4,1,1,1,1,1,0,119.2,14208.64,1,1,6.2,38.44
97482,0,0,1,0,0,1,1,1,0,0,1,1,149,5,1,1,1,1,1,0,127,16129,1,0,3.9,15.21
63659,1,0,0,0,0,1,2,1,0,0,1,0,161,5,1,1,1,1,1,1,191.5,36672.25,1,0,5.1,26.01
18742,0,0,0,1,0,1,2,1,0,0,1,0,142,5,1,1,1,0,0,0,45.614,2080.636996,1,0,3.9,15.21
48040,0,0,1,0,0,1,1,1,0,0,1,1,135,5,1,1,1,1,1,0,121,14641,0,0,2.4,5.76
39538,0,0,1,0,0,1,1,1,0,0,1,1,119,5,1,1,1,0,0,0,42.915,1841.697225,0,0,1.1,1.21
67532,0,0,1,0,0,1,0,0,1,0,2,0,158,4,1,1,1,1,1,1,160,25600,1,1,9,81
82623,0,0,1,0,0,1,1,1,0,0,2,1,121,5,1,1,1,1,1,1,167.121,27929.428641,1,0,3.2,10.24
59880,0,0,0,1,0,1,1,1,0,0,1,1,114,5,1,1,1,1,1,1,199,39601,0,0,2.8,7.84
6277,0,0,0,0,1,1,1,1,0,1,1,0,119,5,1,1,1,1,0,0,72.03,5188.3209,1,0,3.2,10.24
87840,0,0,0,0,1,1,2,1,0,0,2,0,119,5,1,1,1,1,0,0,56,3136,1,0,4.3,18.49
104712,0,0,1,0,0,1,1,1,0,0,2,0,189,4,1,1,1,1,1,1,179.891,32360.771881,1,1,10.1,102.01
71943,0,0,0,0,1,1,0,1,0,0,1,0,119,4,1,1,1,1,1,0,129,16641,1,0,5.2,27.04
97129,0,0,0,1,0,0,1,1,0,0,1,0,145,6,1,1,0,0,0,0,36.276,1315.948176,0,0,2.9,8.41
87701,0,0,0,0,1,1,2,1,0,0,0,1,119,5,1,1,0,0,0,0,39.313,1545.511969,0,0,2.7,7.29
32367,0,0,1,0,0,1,1,1,0,0,0,1,184,4,1,1,1,1,1,1,173,29929,1,1,6.9,47.61
68305,0,0,0,0,1,0,1,1,0,1,1,0,197,4,1,1,1,1,0,0,80.3,6448.09,1,1,9.7,94.09
34108,0,1,0,0,0,1,1,1,0,0,1,1,111,5,1,0,0,0,0,0,25.5,650.25,0,0,1.1,1.21
26869,0,0,0,1,0,0,0,0,1,0,2,0,185,4,1,1,1,1,1,1,199,39601,1,1,12.8,163.84
52704,0,0,0,1,0,1,1,1,0,0,1,1,119,5,1,1,1,1,0,0,69.24,4794.1776,1,0,3.1,9.61
80363,0,0,1,0,0,0,3,1,0,0,1,0,142,5,1,1,1,1,0,0,55.2,3047.04,1,0,4.1,16.81
69154,1,0,0,0,0,1,1,0,0,1,1,1,159,5,1,1,1,1,0,0,84.8,7191.04,1,0,4.1,16.81
3147,0,0,1,0,0,1,0,0,0,0,2,0,139,5,1,1,1,1,1,1,175.858,30926.036164,1,0,4.2,17.64
65846,0,0,1,0,0,1,0,1,1,0,0,1,153,4,1,1,1,1,1,1,180,32400,1,1,10.6,112.36
45274,0,0,0,1,0,0,2,1,0,0,1,0,243,4,1,1,1,1,1,0,139,19321,1,1,9.1,82.81
48014,0,0,0,1,0,1,0,1,0,0,0,1,109,5,1,1,1,1,0,0,69.9,4886.01,0,0,2.5,6.25
57591,0,0,1,0,0,1,2,1,0,0,1,1,180,4,1,1,1,1,1,1,189.221,35804.586841,1,1,9.2,84.64
63328,1,0,0,0,0,0,2,1,0,1,1,1,193,4,1,1,1,1,0,0,79.78,6364.8484,1,1,7.8,60.84
563,0,0,1,0,0,1,0,1,0,0,2,1,120,5,1,1,1,1,1,0,116.13,13486.1769,1,0,3.2,10.24
40661,0,0,1,0,0,1,1,1,0,0,2,1,121,5,1,1,1,1,1,1,188,35344,1,0,3.2,10.24
59114,0,0,0,0,1,1,2,1,1,0,0,1,120,5,1,1,1,1,1,0,131,17161,1,0,4.3,18.49
44164,0,0,0,1,0,0,1,1,0,0,0,1,144,4,1,1,1,1,1,0,100,10000,1,1,7.4,54.76
37254,0,0,0,1,0,1,1,1,0,0,0,1,158,4,1,1,1,1,1,0,113.5,12882.25,1,1,8.5,72.25
96899,0,0,1,0,0,1,1,1,0,0,1,1,134,6,0,0,0,0,0,0,15.9,252.81,0,0,1.1,1.21
8554,0,0,1,0,0,1,0,1,0,0,0,1,122,5,1,1,1,1,1,0,141.756,20094.763536,1,0,3.8,14.44
5918,0,0,1,0,0,1,1,1,0,0,1,1,135,5,1,1,1,0,0,0,48.565,2358.559225,0,0,1.4,1.96
51137,0,0,0,1,0,0,0,1,0,0,2,0,170,4,1,1,1,1,0,0,99,9801,1,0,5.4,29.16
46853,1,0,0,0,0,0,2,1,0,0,1,1,139,6,1,0,0,0,0,0,28.356,804.062736,1,0,3.1,9.61
26284,0,0,1,0,0,0,1,1,0,0,0,1,145,5,1,1,1,1,0,0,80.42,6467.3764,1,0,4.5,20.25
45135,0,0,1,0,0,1,1,1,0,1,1,1,122,5,1,1,1,1,1,0,100,10000,1,0,3.3,10.89
44692,0,0,1,0,0,1,1,1,0,0,2,1,123,5,1,1,1,0,0,0,45.999,2115.908001,0,0,1.5,2.25
66533,0,0,1,0,0,1,2,1,1,0,1,1,135,5,1,1,1,1,0,0,97,9409,1,0,4.9,24.01
9965,0,0,0,1,0,1,2,1,0,0,1,1,149,4,1,1,1,1,1,0,115.69,13384.1761,1,1,7,49
79869,1,0,0,0,0,1,2,1,1,0,0,0,127,5,1,1,1,1,0,0,96,9216,1,0,3.5,12.25
5157,0,0,1,0,0,1,0,0,1,0,2,0,156,4,1,1,1,1,1,1,158.38,25084.2244,1,1,9.2,84.64
83616,0,0,0,1,0,1,1,1,0,0,1,1,109,5,1,1,1,0,0,0,44,1936,0,0,2.8,7.84
21506,0,0,1,0,0,1,2,1,0,0,1,1,158,4,1,1,1,1,1,1,150,22500,1,1,8.9,79.21
6494,0,0,1,0,0,1,1,1,0,1,1,1,135,5,1,1,1,1,1,0,125,15625,1,0,3.1,9.61
19832,0,0,0,0,1,0,0,1,0,0,1,0,138,5,1,1,0,0,0,0,31,961,0,0,1.1,1.21
59823,0,0,0,0,1,1,2,1,1,0,0,1,105,5,1,1,0,0,0,0,35.6,1267.36,0,0,2.3,5.29
86401,1,0,0,0,0,1,1,1,0,0,1,1,124,5,1,1,1,1,1,0,138.569,19201.367761,1,0,3.2,10.24
89087,0,0,0,1,0,1,1,1,0,0,0,1,124,5,1,1,1,1,1,0,107.146,11480.265316,1,0,3.4,11.56
62487,0,0,0,0,1,1,1,1,0,0,1,1,106,5,1,1,1,0,0,0,43.907,1927.824649,0,0,2.6,6.76
23225,0,0,0,1,0,1,1,1,0,0,2,1,128,5,1,1,1,1,1,1,150,22500,1,0,3.9,15.21
70307,0,0,0,1,0,1,2,1,0,0,1,1,124,5,1,1,1,1,1,1,150,22500,1,0,3.4,11.56
29926,0,0,1,0,0,0,2,1,0,0,0,1,242,4,1,1,1,1,1,1,166.1,27589.21,1,1,8.8,77.44
52562,0,0,1,0,0,1,1,1,0,0,1,1,121,5,1,1,1,1,1,0,107.9,11642.41,0,0,2.1,4.41
60905,0,0,1,0,0,1,1,1,0,0,2,0,135,5,1,1,1,1,0,0,88,7744,1,0,4.4,19.36
28771,0,0,0,1,0,1,0,0,0,0,2,0,124,5,1,1,1,1,1,0,101.823,10367.923329,1,0,3.1,9.61
96344,0,1,0,0,0,0,1,1,0,0,1,1,121,6,0,0,0,0,0,0,19.097,364.695409,0,0,1.2,1.44
56014,0,0,0,1,0,0,0,0,1,0,2,1,185,4,1,1,1,1,1,1,155,24025,1,1,13.7,187.69
63028,0,0,0,0,1,0,2,1,0,0,2,0,187,4,1,1,1,1,1,0,113.381,12855.251161,1,1,10,100
24155,0,0,0,1,0,1,1,1,1,0,0,1,158,4,1,1,1,1,1,1,199,39601,1,1,8.7,75.69
53068,0,1,0,0,0,1,1,1,0,0,0,1,128,5,1,1,1,1,1,1,153.2,23470.24,1,0,3.4,11.56
44320,0,1,0,0,0,1,0,0,0,0,2,0,113,5,1,1,1,1,1,0,114.487,13107.273169,1,0,3.7,13.69
18076,0,0,1,0,0,1,1,1,0,0,1,1,120,5,1,1,1,1,0,0,86.8,7534.24,1,0,4.3,18.49
61428,0,0,1,0,0,1,1,1,0,0,1,1,122,5,1,1,1,1,0,0,74.41,5536.8481,1,0,4.2,17.64
5312,0,0,0,0,1,1,2,1,1,0,0,1,134,5,1,1,1,1,0,0,99.866,9973.217956,1,0,4.7,22.09
4993,0,0,1,0,0,0,1,1,0,0,2,1,142,5,1,1,1,1,0,0,57,3249,1,0,3.4,11.56
94390,0,1,0,0,0,1,1,1,0,0,0,1,102,5,0,0,0,0,0,0,16.4,268.96,0,0,2.9,8.41
30371,0,0,1,0,0,0,1,1,0,0,1,0,154,5,1,0,0,0,0,0,26.76,716.0976,1,1,6.1,37.21
99356,0,1,0,0,0,0,2,0,1,0,0,1,146,5,1,1,1,1,0,0,72.5,5256.25,1,0,5.1,26.01
24720,0,0,1,0,0,1,1,1,0,0,1,1,123,5,1,1,1,1,1,0,111.68,12472.4224,1,0,3.5,12.25
43260,0,0,1,0,0,1,1,1,0,0,0,0,120,5,1,1,1,1,0,0,98.8,9761.44,1,0,3.5,12.25
10114,0,0,1,0,0,0,1,1,0,0,1,1,142,5,1,0,0,0,0,0,24.8,615.04,0,0,1,1
5689,0,0,1,0,0,1,1,0,1,0,0,1,135,5,1,1,1,1,1,0,143,20449,1,0,3.7,13.69
15966,0,0,1,0,0,1,1,1,0,0,1,1,158,4,1,1,1,1,1,0,103.028,10614.768784,1,1,8.6,73.96
61178,0,1,0,0,0,1,1,1,0,0,2,0,139,5,1,1,1,1,1,0,140.55,19754.3025,1,0,4.4,19.36
62496,1,0,0,0,0,1,1,1,0,0,2,0,115,6,1,0,0,0,0,0,21.162,447.830244,0,0,1.4,1.96
26280,1,0,0,0,0,1,1,1,0,0,0,1,124,5,1,1,1,1,0,0,82.85,6864.1225,1,0,3.5,12.25
19728,0,0,1,0,0,0,1,1,0,0,1,1,140,5,1,0,0,0,0,0,22.913,525.005569,0,0,1.1,1.21
29986,0,0,1,0,0,1,1,1,0,0,2,1,121,5,1,1,1,1,1,1,169,28561,1,0,3.1,9.61
4546,0,0,0,1,0,0,1,1,0,0,0,1,165,5,1,1,1,1,1,0,103.522,10716.804484,1,0,5.9,34.81
41521,0,0,1,0,0,1,3,1,0,0,1,1,177,4,1,1,1,1,1,0,117.77,13869.7729,1,1,8.1,65.61
55575,0,0,1,0,0,1,0,0,0,0,2,0,120,5,1,1,1,1,1,0,113.383,12855.704689,1,0,4.2,17.64
44760,0,0,0,1,0,1,0,0,0,0,2,0,114,5,1,1,0,0,0,0,36.248,1313.917504,0,0,1.3,1.69
18803,0,0,1,0,0,1,1,1,0,0,0,1,184,4,1,1,1,1,1,1,173,29929,1,1,6.8,46.24
47444,0,0,0,1,0,1,1,1,0,0,0,1,128,5,1,1,1,1,1,1,178.84,31983.7456,1,0,4.4,19.36
93897,0,1,0,0,0,1,0,0,0,0,2,0,124,6,1,1,1,1,0,0,90.94,8270.0836,0,0,1.6,2.56
8711,0,0,1,0,0,0,1,1,0,0,0,0,213,4,1,1,1,1,1,1,173,29929,1,1,9.2,84.64
61051,0,0,0,0,1,1,0,1,0,0,1,1,124,5,1,1,1,1,1,0,103.02,10613.1204,1,0,3.2,10.24
80156,0,0,0,1,0,1,1,1,0,0,1,1,124,5,1,1,1,0,0,0,42.8,1831.84,1,0,3.1,9.61
92356,0,0,0,1,0,1,0,0,1,0,0,0,125,4,1,1,1,1,1,0,132,17424,1,1,8.2,67.24
10757,1,0,0,0,0,1,1,1,0,0,1,1,157,5,1,1,1,1,0,0,78.5,6162.25,1,0,4.6,21.16
52137,0,0,0,1,0,0,3,0,1,0,0,1,185,4,1,1,1,1,0,0,90,8100,1,1,10.6,112.36
104718,0,0,1,0,0,1,1,1,1,0,0,1,135,5,1,1,1,1,1,1,195,38025,1,0,4.5,20.25
45716,0,0,0,0,1,1,1,0,0,0,0,1,134,5,1,1,1,1,1,0,142.2,20220.84,1,0,4.4,19.36
67170,0,0,0,0,1,1,1,1,0,0,1,0,119,5,1,1,1,1,1,0,120,14400,1,0,4.5,20.25
27637,0,0,1,0,0,0,1,1,0,0,1,1,142,5,1,1,1,1,1,0,137.397,18877.935609,1,0,5.2,27.04
17491,0,0,1,0,0,1,1,0,1,0,0,1,135,5,1,1,1,1,1,0,123.9,15351.21,0,0,2.3,5.29
79489,1,0,0,0,0,0,1,1,0,0,1,0,160,5,1,0,0,0,0,0,26.765,716.365225,1,0,4.3,18.49
38340,0,0,1,0,0,1,1,1,0,0,1,1,120,5,1,0,0,0,0,0,22.75,517.5625,0,0,1.1,1.21
73847,0,0,1,0,0,1,0,0,0,0,2,0,136,5,1,1,1,0,0,0,49.677,2467.804329,1,0,4.4,19.36
62148,0,0,1,0,0,1,1,1,0,0,0,1,136,5,1,1,1,1,1,0,109,11881,1,0,4.9,24.01
4636,0,1,0,0,0,0,1,1,0,0,1,1,115,5,1,0,0,0,0,0,24.142,582.836164,0,0,1,1
90226,0,0,1,0,0,1,1,1,0,0,2,1,107,6,1,0,0,0,0,0,26.2,686.44,0,0,1.2,1.44
1518,0,0,1,0,0,1,1,1,0,0,1,1,120,5,1,1,1,1,1,0,138.273,19119.422529,1,0,4.2,17.64
50848,0,0,1,0,0,1,2,1,0,0,0,1,169,4,1,1,1,1,1,1,180,32400,1,1,8.9,79.21
12886,0,1,0,0,0,0,2,1,0,0,0,0,143,5,1,1,1,0,0,0,46.843,2194.266649,1,0,5,25
79589,0,0,1,0,0,1,1,1,0,0,1,1,135,5,1,1,1,1,0,0,73.9,5461.21,0,0,1.8,3.24
45447,0,0,1,0,0,1,1,1,0,1,0,1,136,5,1,1,1,1,0,0,74.35,5527.9225,1,0,3.6,12.96
68875,0,1,0,0,0,1,2,0,1,0,0,1,125,5,1,1,1,1,0,0,71,5041,1,0,4.8,23.04
38132,0,1,0,0,0,1,0,0,0,0,2,0,109,5,1,1,1,1,1,0,115.198,13270.579204,1,0,4.7,22.09
76093,0,1,0,0,0,1,1,1,0,0,2,1,103,5,1,0,0,0,0,0,23.32,543.8224,0,0,2.1,4.41
78224,0,0,1,0,0,1,0,1,0,0,0,1,169,4,1,1,1,1,1,1,195,38025,1,1,9.5,90.25
53918,0,1,0,0,0,0,2,1,0,0,1,0,148,4,1,1,1,1,0,0,98.788,9759.068944,1,1,6.8,46.24
67122,0,1,0,0,0,0,1,1,0,0,1,1,168,5,1,1,1,1,1,0,112,12544,1,0,5.8,33.64
29932,0,1,0,0,0,1,1,1,0,0,0,1,119,5,1,1,1,1,1,0,149,22201,1,0,4.3,18.49
101884,1,0,0,0,0,0,2,1,0,0,0,1,193,4,1,1,1,1,0,0,60.96,3716.1216,1,1,8.2,67.24
57044,0,0,1,0,0,1,1,1,0,0,0,1,139,5,1,1,1,1,0,0,60.806,3697.369636,1,0,3.9,15.21
22634,1,0,0,0,0,1,1,1,0,1,0,0,134,5,1,0,0,0,0,0,23.285,542.191225,1,0,4.5,20.25
76639,0,0,0,1,0,1,1,1,0,0,0,1,124,5,1,1,1,1,0,0,69.197,4788.224809,1,0,3.2,10.24
30063,1,0,0,0,0,1,1,1,0,0,0,1,134,5,1,1,1,1,1,0,131.672,17337.515584,1,0,4.2,17.64
44599,0,0,0,1,0,1,2,1,0,0,0,1,162,5,1,1,1,1,1,0,149,22201,1,1,6,36
61705,0,0,0,0,1,1,1,1,0,0,2,0,128,5,1,1,1,1,0,0,66.158,4376.880964,1,0,3.2,10.24
7924,1,0,0,0,0,1,0,0,1,0,0,1,124,5,1,1,1,1,1,0,114,12996,1,0,4,16
53026,0,0,1,0,0,1,1,1,0,0,0,1,135,5,1,1,1,0,0,0,42.265,1786.330225,0,0,1.2,1.44
75959,0,1,0,0,0,1,1,1,0,0,0,1,119,5,1,1,1,1,1,1,161.2,25985.44,1,0,3.5,12.25
40537,0,1,0,0,0,1,1,1,0,0,1,1,143,5,1,1,1,1,0,0,65.599,4303.228801,1,0,3.6,12.96
16835,0,0,0,0,1,1,1,1,0,0,1,1,119,5,1,1,1,1,0,0,66.6,4435.56,1,0,3.3,10.89
74993,0,0,0,1,0,1,1,1,0,0,1,1,119,6,1,1,1,1,0,0,79.412,6306.265744,0,0,2.3,5.29
45574,1,0,0,0,0,1,1,1,0,0,1,1,115,6,1,0,0,0,0,0,24,576,0,0,1.1,1.21
13706,0,0,0,1,0,0,2,1,1,0,0,1,148,4,1,1,1,1,0,0,84,7056,1,1,7.9,62.41
53777,0,1,0,0,0,1,0,0,0,1,0,1,119,5,1,1,1,1,0,0,90,8100,1,0,5.4,29.16
96687,1,0,0,0,0,1,2,0,1,0,0,1,159,4,1,1,1,1,1,1,174,30276,1,1,8.2,67.24
41991,0,0,0,0,1,0,1,0,0,0,2,0,145,5,1,1,1,1,0,0,68,4624,1,0,3.6,12.96
94363,0,0,0,0,1,0,0,1,0,0,0,1,169,4,1,1,1,1,0,0,84.951,7216.672401,1,1,7.6,57.76
76114,0,1,0,0,0,0,2,1,0,0,2,1,148,4,1,1,1,1,0,0,64,4096,1,1,7,49
63485,0,0,1,0,0,1,1,1,0,0,1,1,159,5,1,1,1,1,1,1,182,33124,1,0,5.4,29.16
61895,0,0,1,0,0,1,0,1,0,0,2,1,135,5,1,1,1,1,1,1,177,31329,0,0,2.9,8.41
45775,0,0,0,1,0,1,1,1,0,0,0,1,114,5,1,1,1,1,1,0,137,18769,1,0,4.3,18.49
34556,0,1,0,0,0,1,2,1,0,0,0,1,137,4,1,1,1,1,1,1,177,31329,1,1,7.6,57.76
74729,0,1,0,0,0,1,0,0,0,0,2,0,109,5,1,1,1,1,0,0,78.784,6206.918656,1,0,4.3,18.49
70732,1,0,0,0,0,1,2,0,1,0,1,1,137,5,1,1,1,1,1,0,144,20736,1,0,5.9,34.81
78525,1,0,0,0,0,0,2,1,0,0,0,1,194,4,1,1,1,1,0,0,96,9216,1,1,7.6,57.76
87806,0,1,0,0,0,1,1,1,0,0,0,1,111,5,1,1,1,1,1,0,133.102,17716.142404,0,0,2.2,4.84
103467,0,0,1,0,0,1,2,1,0,0,1,1,116,5,1,1,1,0,0,0,48.695,2371.203025,1,0,4.4,19.36
37722,0,0,1,0,0,1,0,1,0,0,1,1,122,5,1,1,1,1,1,1,168.111,28261.308321,1,0,3.4,11.56
62873,0,0,0,1,0,1,2,1,0,0,0,1,142,5,1,1,1,1,0,0,77.48,6003.1504,1,0,5.6,31.36
96581,0,0,0,0,1,0,2,0,1,0,0,1,161,4,1,1,1,1,1,0,127.5,16256.25,1,1,9.7,94.09
36179,0,0,0,1,0,1,0,1,0,0,0,1,150,4,1,1,1,1,1,1,199,39601,1,0,5.8,33.64
2184,0,1,0,0,0,1,0,0,1,0,2,0,119,5,1,1,1,1,0,0,69,4761,1,0,3.2,10.24
101315,0,0,0,0,1,1,1,1,0,0,1,1,119,4,1,1,1,1,1,0,129,16641,1,1,6.2,38.44
42968,1,0,0,0,0,1,1,1,0,0,1,1,124,5,1,1,1,1,0,0,86.578,7495.750084,1,0,3.2,10.24
59373,0,0,0,1,0,0,2,1,1,0,0,1,203,5,1,1,1,1,0,0,98,9604,1,0,4.8,23.04
38452,0,1,0,0,0,1,1,1,0,0,2,1,137,4,1,1,1,1,1,1,150.286,22585.881796,1,1,7.3,53.29
10378,0,1,0,0,0,1,2,1,0,0,1,1,195,5,1,1,1,1,0,0,84.5,7140.25,1,0,5.5,30.25
26437,0,1,0,0,0,1,1,1,0,0,1,1,119,5,1,1,1,1,0,0,78.101,6099.766201,0,0,2.7,7.29
66416,0,0,1,0,0,1,2,0,1,0,0,1,123,5,1,1,1,1,0,0,67,4489,1,0,3.5,12.25
3823,1,0,0,0,0,1,1,1,0,0,0,1,128,5,1,0,0,0,0,0,27.403,750.924409,0,0,1.6,2.56
399,1,0,0,0,0,1,1,1,0,0,1,1,151,5,1,0,0,0,0,0,29.47,868.4809,1,0,4.2,17.64
38377,0,0,1,0,0,0,2,1,0,0,1,1,142,5,1,1,1,1,0,0,54.086,2925.295396,1,0,4.8,23.04
6807,1,0,0,0,0,0,1,1,0,0,1,1,160,5,0,0,0,0,0,0,12.07,145.6849,0,0,1.2,1.44
75219,1,0,0,0,0,1,0,1,0,0,0,1,129,5,1,1,1,1,0,0,83,6889,1,0,3.9,15.21
8434,0,1,0,0,0,0,2,1,0,0,0,1,148,5,1,1,1,1,0,0,58.346,3404.255716,1,0,5.9,34.81
33074,0,0,1,0,0,1,1,1,0,0,1,1,125,5,1,1,1,1,1,0,103.455,10702.937025,1,0,3.4,11.56
98599,0,0,0,1,0,1,1,1,0,0,1,0,135,5,1,1,1,1,0,0,66.201,4382.572401,1,0,3.1,9.61
76845,0,0,0,1,0,1,1,1,0,0,1,1,125,5,1,1,1,1,1,0,107,11449,1,0,3.2,10.24
47645,1,0,0,0,0,1,0,1,0,0,0,1,124,5,1,1,1,1,0,0,95.45,9110.7025,1,0,3.5,12.25
88419,0,0,1,0,0,1,1,0,0,0,1,1,107,6,1,0,0,0,0,0,23.046,531.118116,0,0,1,1
40233,1,0,0,0,0,1,1,1,0,1,0,1,133,5,1,1,0,0,0,0,36.7,1346.89,0,0,2.3,5.29
94332,0,1,0,0,0,0,1,1,0,0,0,0,169,4,1,1,1,1,0,0,58.562,3429.507844,1,1,7.7,59.29
101334,0,0,1,0,0,1,1,1,0,0,1,1,120,5,1,1,1,1,1,1,165.251,27307.893001,1,0,5.2,27.04
53480,1,0,0,0,0,1,1,1,0,0,1,1,127,5,1,1,1,1,1,0,147,21609,1,0,4,16
38627,1,0,0,0,0,1,0,1,0,0,0,0,137,5,1,1,1,1,1,0,128,16384,1,0,5.6,31.36
52985,0,0,1,0,0,1,2,1,0,0,0,1,180,4,1,1,1,1,1,0,136,18496,1,1,8,64
61966,0,0,0,0,1,1,1,1,0,0,2,0,116,5,1,1,1,1,0,0,99.4,9880.36,0,0,2.1,4.41
33420,0,0,1,0,0,1,2,1,1,0,0,1,180,4,1,1,1,1,1,1,176,30976,1,1,9.4,88.36
54404,0,1,0,0,0,1,1,1,0,0,0,1,113,5,1,1,1,1,1,0,114.261,13055.576121,1,0,3.4,11.56
66557,0,1,0,0,0,1,1,1,0,0,2,1,137,4,1,1,1,1,0,0,75.64,5721.4096,1,1,7.1,50.41
57565,1,0,0,0,0,1,1,1,0,0,0,1,124,5,1,1,1,1,1,0,132.355,17517.846025,1,0,3.4,11.56
68521,0,0,0,1,0,1,2,1,0,0,1,1,162,5,1,0,0,0,0,0,27.92,779.5264,1,0,3.7,13.69
10382,1,0,0,0,0,1,1,1,0,0,0,1,180,4,1,1,1,1,1,1,159.9,25568.01,1,1,7.8,60.84
5700,0,1,0,0,0,1,0,1,0,0,0,1,148,5,1,1,1,1,1,0,140.4,19712.16,1,0,3.8,14.44
76531,0,1,0,0,0,0,1,1,0,0,1,0,148,4,1,1,1,1,1,0,102.109,10426.247881,1,1,7.1,50.41
80104,1,0,0,0,0,1,1,1,0,0,1,1,124,5,1,1,1,1,0,0,50.099,2509.909801,0,0,2.6,6.76
73289,0,0,1,0,0,1,1,1,0,0,0,1,122,5,1,1,1,1,0,0,55.921,3127.158241,1,0,3.8,14.44
91375,0,0,0,1,0,0,1,1,0,0,1,0,185,4,1,1,1,1,1,1,181,32761,1,1,13,169
72761,0,0,1,0,0,1,2,1,0,0,0,1,173,4,1,1,1,1,1,1,159,25281,1,1,9.3,86.49
43971,0,0,1,0,0,1,2,1,1,0,1,1,120,5,1,1,1,1,0,0,88.8,7885.44,1,0,5,25
11957,0,0,0,1,0,1,1,1,0,0,0,1,124,5,1,1,1,1,1,0,122,14884,0,0,2.9,8.41
69371,0,0,0,0,1,1,1,1,0,0,0,1,120,5,1,1,1,1,0,0,96.2,9254.44,1,0,3.4,11.56
31678,0,0,1,0,0,1,3,0,1,0,0,0,158,4,1,1,1,1,1,1,198.8,39521.44,1,1,10.1,102.01
14717,0,0,0,1,0,1,2,0,1,0,1,1,142,5,1,1,1,1,1,0,117.394,13781.351236,1,0,5.7,32.49
11405,0,0,0,1,0,1,0,0,0,0,2,0,114,5,1,1,1,1,1,0,106.328,11305.643584,1,0,4.3,18.49
68409,0,1,0,0,0,1,1,1,0,1,1,1,148,5,1,1,1,1,1,0,109.78,12051.6484,1,0,3.2,10.24
92454,0,0,1,0,0,1,0,1,1,0,0,1,163,5,1,1,1,1,0,0,92.772,8606.643984,1,1,6.4,40.96
49117,1,0,0,0,0,1,1,0,0,1,1,1,136,5,1,1,1,1,1,0,116.229,13509.180441,1,0,4,16
96851,1,0,0,0,0,1,1,1,0,0,0,1,124,5,1,1,1,1,1,0,115.247,13281.871009,1,0,3.8,14.44
30028,0,0,0,0,1,1,2,0,1,0,0,1,137,4,1,1,1,1,1,1,159.999,25599.680001,1,1,6.7,44.89
20388,0,0,0,1,0,1,1,1,0,0,1,0,124,5,1,1,1,1,0,0,82.622,6826.394884,0,0,2.9,8.41
54403,1,0,0,0,0,1,1,1,0,0,1,1,128,5,1,1,1,1,1,0,103.95,10805.6025,0,0,2.9,8.41
79267,0,0,0,1,0,1,2,1,0,0,1,1,128,5,1,1,1,1,0,0,98.5,9702.25,1,0,4,16
32276,1,0,0,0,0,0,1,1,0,0,1,1,139,6,1,1,1,1,1,0,115.528,13346.718784,1,0,3.1,9.61
7200,0,0,1,0,0,0,0,0,1,0,2,0,158,5,1,1,1,1,0,0,57.8,3340.84,1,0,5.3,28.09
44882,0,0,1,0,0,0,1,1,0,0,0,1,140,5,1,1,1,0,0,0,44.7,1998.09,0,0,2.2,4.84
11527,0,0,1,0,0,1,1,1,0,0,0,1,120,5,1,1,1,1,0,0,74,5476,1,0,4.2,17.64
35820,0,0,1,0,0,1,0,1,0,0,0,1,121,5,1,1,1,1,1,0,132,17424,1,0,4,16
20980,0,0,0,1,0,0,0,1,0,0,2,1,147,5,1,1,1,1,1,0,145,21025,1,1,6.4,40.96
94108,0,1,0,0,0,1,1,1,0,0,1,1,103,5,1,1,0,0,0,0,39.991,1599.280081,0,0,2.1,4.41
5493,0,0,0,0,1,1,1,1,0,0,2,1,113,5,1,1,1,1,0,0,90.49,8188.4401,0,0,2.8,7.84
55194,0,0,0,1,0,0,2,1,0,0,0,1,147,5,1,1,1,1,1,0,130,16900,1,0,4.7,22.09
33457,1,0,0,0,0,0,2,1,0,0,0,1,189,5,1,1,1,1,1,0,102.19,10442.7961,1,0,4.9,24.01
26946,0,0,0,0,1,1,0,0,1,0,2,0,130,4,1,1,1,1,1,0,147,21609,1,1,8.6,73.96
100329,0,1,0,0,0,1,0,1,0,0,2,0,139,5,1,1,1,1,0,0,99.999,9999.800001,1,0,4.7,22.09
95460,0,0,1,0,0,1,1,1,0,0,2,1,120,5,1,1,1,1,0,0,77.287,5973.280369,1,0,5.1,26.01
87358,0,0,0,0,1,1,1,1,0,1,1,1,109,6,1,1,0,0,0,0,33.607,1129.430449,0,0,1.4,1.96
98855,1,0,0,0,0,1,1,1,0,0,0,0,127,5,1,1,1,1,1,1,173.9,30241.21,1,0,3.6,12.96
76262,0,0,1,0,0,1,2,1,0,0,0,1,184,4,1,1,1,1,1,1,198,39204,1,1,9.9,98.01
91301,0,0,0,0,1,1,0,1,0,0,1,0,119,5,1,1,1,1,0,0,73.4,5387.56,1,0,4.1,16.81
89419,0,1,0,0,0,0,1,1,0,0,0,1,176,4,1,1,1,1,1,0,120,14400,1,1,8.5,72.25
6591,0,0,0,1,0,1,1,1,0,1,1,1,148,5,1,0,0,0,0,0,28.025,785.400625,0,0,1,1
64385,0,0,1,0,0,0,0,0,1,0,0,0,181,4,1,1,1,1,1,0,129,16641,1,1,9.4,88.36
20827,0,0,0,0,1,1,1,1,0,1,0,0,159,4,1,1,1,1,1,1,169.125,28603.265625,1,1,6.9,47.61
40480,1,0,0,0,0,1,2,1,1,0,0,1,128,5,1,1,1,1,1,0,120,14400,1,0,3.6,12.96
38283,0,1,0,0,0,1,1,1,0,0,2,1,109,5,1,1,1,0,0,0,49,2401,0,0,2.4,5.76
58290,0,0,0,1,0,0,0,1,0,0,1,1,182,4,1,1,1,1,1,0,134,17956,1,1,9.2,84.64
5947,1,0,0,0,0,1,1,0,0,0,1,1,128,5,1,1,1,1,0,0,94.5,8930.25,1,0,4.4,19.36
60095,0,0,0,1,0,0,1,1,0,0,2,1,159,5,1,1,1,1,0,0,87.317,7624.258489,1,0,5.2,27.04
43540,0,0,0,1,0,1,2,1,0,0,1,1,146,4,1,1,1,1,1,0,127.8,16332.84,1,1,7.8,60.84
6042,0,1,0,0,0,0,1,1,0,0,1,0,115,5,1,0,0,0,0,0,25.85,668.2225,0,0,1,1
96219,0,0,0,1,0,0,3,1,1,0,0,1,203,5,1,1,1,1,0,0,77,5929,1,0,5,25
80540,0,0,1,0,0,0,0,1,0,1,1,1,140,5,1,1,1,1,0,0,66.688,4447.289344,1,0,5,25
98149,0,0,0,0,1,1,1,1,0,0,1,1,146,4,1,1,1,1,1,0,100.052,10010.402704,1,1,7.5,56.25
49529,0,0,0,1,0,1,2,1,0,1,1,1,124,5,1,1,0,0,0,0,38.95,1517.1025,1,0,3.2,10.24
34715,0,0,1,0,0,0,1,1,0,0,1,1,121,5,1,1,1,1,0,0,65.01,4226.3001,1,0,5.7,32.49
78096,0,1,0,0,0,0,2,1,0,0,0,1,195,4,1,1,1,1,0,0,63.505,4032.885025,1,1,7,49
98641,0,1,0,0,0,0,1,1,0,0,0,0,124,5,0,0,0,0,0,0,19.3,372.49,0,0,1.3,1.69
54879,0,0,0,1,0,1,2,1,0,0,1,1,150,5,1,1,1,1,1,0,146.5,21462.25,1,1,7.2,51.84
20826,0,0,0,0,1,0,0,1,0,0,0,0,169,4,1,1,1,1,1,0,134.2,18009.64,1,1,7.9,62.41
63498,0,0,0,0,1,1,1,1,0,0,2,1,137,4,1,1,1,1,0,0,82.916,6875.063056,1,1,6.6,43.56
52629,0,0,1,0,0,1,1,1,0,0,0,1,120,5,1,1,1,1,1,0,143,20449,0,0,2.3,5.29
39243,0,0,0,0,1,1,1,1,0,0,1,1,119,5,1,1,1,1,0,0,76.55,5859.9025,1,0,4.5,20.25
2482,0,0,1,0,0,1,2,1,1,0,2,1,158,4,1,1,1,1,1,0,145.76,21245.9776,1,1,8.9,79.21
12380,0,0,1,0,0,1,1,1,0,0,0,1,135,5,1,1,1,1,1,0,107.9,11642.41,1,0,4.1,16.81
24062,1,0,0,0,0,1,0,1,0,0,2,1,124,5,1,1,1,1,0,0,88,7744,0,0,2.9,8.41
36954,0,0,0,1,0,1,1,1,0,0,1,1,119,5,1,1,1,1,1,0,144,20736,0,0,2.6,6.76
44570,0,0,1,0,0,1,1,1,0,0,2,1,121,5,1,1,1,1,1,1,187,34969,1,0,3.2,10.24
4299,0,0,0,1,0,1,3,1,1,0,0,1,158,3,1,1,1,1,1,1,190.08,36130.4064,1,1,10.3,106.09
15628,0,0,0,1,0,1,0,0,1,0,2,0,123,5,1,1,1,1,0,0,50,2500,0,0,2.8,7.84
70103,0,1,0,0,0,0,1,1,0,0,0,1,132,5,1,1,0,0,0,0,32.8,1075.84,1,0,3.6,12.96
97484,0,0,1,0,0,1,2,1,0,0,0,0,189,4,1,1,1,1,1,1,153,23409,1,1,9.5,90.25
53078,0,0,0,1,0,1,1,1,0,0,1,1,124,5,1,1,1,1,1,0,122,14884,1,0,3.1,9.61
54615,0,0,1,0,0,1,1,1,0,0,1,1,120,5,1,1,1,1,1,1,193,37249,1,0,3.5,12.25
83815,0,0,1,0,0,1,1,1,0,0,2,1,124,5,1,1,1,1,1,0,120,14400,1,0,3.3,10.89
40073,0,0,0,1,0,1,1,1,0,0,1,1,124,5,1,1,1,1,0,0,76.772,5893.939984,1,0,3.1,9.61
44158,0,0,0,1,0,1,2,0,0,0,1,1,120,5,1,1,1,1,1,1,156,24336,1,0,5.6,31.36
101249,0,0,1,0,0,1,2,1,0,0,2,1,121,5,1,1,1,1,1,0,117.4,13782.76,1,0,5.2,27.04
57424,0,0,1,0,0,1,1,1,0,0,2,0,107,6,1,0,0,0,0,0,24.952,622.602304,0,0,1,1
84904,0,0,0,1,0,1,2,0,0,0,0,0,156,3,1,1,1,1,1,1,195,38025,1,1,12.2,148.84
85414,0,0,1,0,0,1,1,1,0,0,0,1,124,5,1,1,1,1,0,0,89.92,8085.6064,1,0,4.8,23.04
74035,0,0,1,0,0,1,0,1,0,0,2,0,107,6,1,0,0,0,0,0,22.427,502.970329,0,0,1,1
82582,0,1,0,0,0,1,0,1,1,0,2,0,128,5,1,1,1,1,1,0,111,12321,1,0,5.7,32.49
28545,1,0,0,0,0,1,1,1,0,0,2,0,157,5,1,1,1,1,0,0,98.529,9707.963841,1,0,5.2,27.04
67774,0,0,0,0,1,0,2,1,0,1,1,1,158,4,1,1,1,1,1,0,102.315,10468.359225,1,0,5.7,32.49
52718,0,1,0,0,0,1,1,1,0,0,1,1,148,5,1,1,1,1,1,1,159.24,25357.3776,1,0,4,16
37223,1,0,0,0,0,1,1,1,0,0,1,1,124,5,1,1,1,1,0,0,76.211,5808.116521,0,0,2.5,6.25
22200,0,0,0,0,1,1,0,1,0,1,1,0,119,5,1,1,1,1,0,0,63,3969,1,0,3.9,15.21
41339,0,0,0,1,0,1,0,1,0,0,0,1,120,5,1,1,1,1,1,0,134.884,18193.693456,1,0,4.1,16.81
68139,0,0,0,1,0,0,0,0,1,0,2,0,182,4,1,1,1,1,1,1,179.361,32170.368321,1,1,10.4,108.16
49962,1,0,0,0,0,1,0,1,0,0,1,1,124,5,1,1,1,1,1,1,177,31329,1,0,3,9
36834,0,0,0,1,0,0,2,1,0,0,0,0,147,5,1,1,1,0,0,0,42.595,1814.334025,1,0,3.5,12.25
2709,0,0,1,0,0,1,1,1,0,0,1,1,125,5,1,1,1,1,0,0,75.109,5641.361881,1,0,3.2,10.24
4455,0,1,0,0,0,1,1,1,0,0,1,1,111,6,0,0,0,0,0,0,19.5,380.25,0,0,1.1,1.21
96613,0,0,1,0,0,1,1,1,0,0,2,1,121,5,1,1,1,1,1,0,119.755,14341.260025,1,0,3.3,10.89
27759,1,0,0,0,0,0,2,1,0,0,0,0,165,5,1,1,1,1,0,0,79.25,6280.5625,1,0,3.8,14.44
65467,0,0,0,1,0,1,1,1,0,0,1,1,125,5,1,1,1,0,0,0,43.619,1902.617161,0,0,1.9,3.61
47557,0,0,1,0,0,1,1,1,0,1,1,1,121,5,1,1,1,1,1,1,156.87,24608.1969,0,0,2.9,8.41
62659,0,0,0,1,0,1,1,1,0,0,2,1,125,5,0,0,0,0,0,0,13.451,180.929401,1,0,3.1,9.61
89512,0,0,1,0,0,1,1,1,0,0,1,1,120,5,1,1,1,1,1,1,159.102,25313.446404,1,0,5,25
70581,0,0,1,0,0,1,1,1,0,0,1,1,139,5,1,1,1,1,1,0,146.447,21446.723809,1,0,3.3,10.89
93691,0,0,0,1,0,1,0,1,0,0,1,0,133,5,1,1,1,1,0,0,71.163,5064.172569,0,0,1.7,2.89
63836,1,0,0,0,0,0,1,1,0,0,0,0,126,6,0,0,0,0,0,0,12.748,162.511504,0,0,1.2,1.44
25942,0,0,1,0,0,0,2,1,0,1,1,1,212,4,1,1,1,1,0,0,63.45,4025.9025,1,1,6.1,37.21
27676,0,0,0,1,0,1,2,1,0,0,1,0,123,5,1,1,1,1,0,0,95.597,9138.786409,0,0,2.8,7.84
28295,0,0,0,1,0,1,1,1,0,0,2,1,124,5,1,1,1,1,0,0,77.946,6075.578916,1,0,3.1,9.61
32935,0,0,0,1,0,0,2,0,1,0,0,1,148,4,1,1,0,0,0,0,39.15,1532.7225,1,1,7.6,57.76
20797,0,0,0,0,1,0,1,1,0,1,1,1,161,4,1,1,1,1,1,0,105,11025,1,1,9.4,88.36
52485,0,0,0,1,0,1,2,1,0,0,2,1,131,4,1,1,1,1,1,0,134.6,18117.16,1,1,8.1,65.61
2602,0,0,1,0,0,1,1,1,0,0,1,0,122,5,1,1,1,1,1,0,107.114,11473.408996,0,0,2.3,5.29
27581,0,1,0,0,0,1,1,1,0,0,2,0,102,5,1,1,0,0,0,0,30.38,922.9444,0,0,1.7,2.89
94255,1,0,0,0,0,1,2,0,1,0,0,1,140,5,1,1,1,1,1,1,150,22500,1,0,5.7,32.49
68009,0,0,1,0,0,1,0,1,0,0,0,1,173,4,1,1,1,1,1,0,148,21904,1,1,8.9,79.21
45117,0,0,0,0,1,1,1,1,0,0,0,0,119,5,1,1,1,1,1,1,155.99,24332.8801,1,0,3.8,14.44
45095,0,0,0,1,0,1,1,1,0,0,1,1,123,6,1,1,1,1,1,0,137.19,18821.0961,1,0,3.1,9.61
3230,1,0,0,0,0,0,0,1,0,0,0,1,235,4,1,1,1,1,1,0,130.5,17030.25,1,1,13.7,187.69
38139,0,0,0,1,0,0,0,1,0,0,0,1,185,4,1,1,1,1,1,0,142,20164,1,1,10.7,114.49
69117,0,0,1,0,0,1,0,0,0,0,2,0,120,5,1,1,1,1,1,0,138.674,19230.478276,1,0,4.3,18.49
50581,1,0,0,0,0,0,1,1,0,0,1,1,129,6,0,0,0,0,0,0,18.099,327.573801,0,0,1.2,1.44
19781,0,0,0,1,0,1,1,1,0,0,1,1,142,6,1,1,1,1,0,0,78.573,6173.716329,0,0,2.4,5.76
41428,0,1,0,0,0,0,2,1,0,0,0,1,154,4,1,1,1,1,1,0,103,10609,1,1,6.7,44.89
15307,0,0,1,0,0,1,1,1,0,1,0,1,127,5,1,1,1,1,1,1,150,22500,1,0,4.6,21.16
92211,0,0,0,0,1,1,1,1,0,0,1,1,120,5,1,1,1,0,0,0,42.5,1806.25,0,0,2.7,7.29
9808,0,0,1,0,0,1,0,1,0,0,0,1,120,5,1,1,1,1,0,0,99.4,9880.36,1,0,3.5,12.25
63958,0,0,0,0,1,1,1,0,1,0,0,1,114,5,1,1,1,1,1,0,124.2,15425.64,1,0,3.5,12.25
60959,0,0,0,1,0,1,2,1,1,0,0,1,158,4,1,1,1,1,0,0,99.2,9840.64,1,1,8.5,72.25
32438,0,1,0,0,0,0,1,1,0,0,0,1,143,5,1,1,1,1,1,0,132.855,17650.451025,1,0,5.4,29.16
31981,0,0,0,1,0,0,1,0,1,0,0,1,147,5,1,1,1,0,0,0,42,1764,1,0,3.7,13.69
41195,0,0,1,0,0,0,3,1,0,1,1,1,158,4,1,1,1,1,0,0,92,8464,1,1,8.1,65.61
57416,1,0,0,0,0,1,0,1,0,0,2,0,161,4,1,1,1,1,1,1,181,32761,1,1,6,36
65266,0,0,1,0,0,1,1,1,0,0,1,1,116,5,1,1,1,1,1,0,129,16641,1,0,4.6,21.16
40533,0,0,1,0,0,1,1,1,0,0,0,1,135,5,1,1,1,1,0,0,60.893,3707.957449,1,0,4.5,20.25
3081,0,1,0,0,0,1,1,1,0,0,1,0,139,5,1,1,1,1,1,0,127.3,16205.29,1,0,3.8,14.44
97623,1,0,0,0,0,1,1,1,0,0,0,1,161,5,1,1,1,1,1,0,115,13225,1,0,3.9,15.21
6398,0,0,0,1,0,1,1,1,0,0,0,0,119,5,0,0,0,0,0,0,17.879,319.658641,0,0,1.3,1.69
47024,0,0,0,0,1,0,1,1,0,0,2,1,125,3,1,1,1,1,1,1,150,22500,1,1,12.2,148.84
8797,1,0,0,0,0,0,0,1,1,0,2,0,139,6,1,0,0,0,0,0,29.65,879.1225,0,0,1.7,2.89
6899,0,0,0,0,1,1,0,1,0,0,2,0,119,5,1,1,1,1,0,0,98,9604,1,0,3.7,13.69
38719,0,0,0,0,1,0,1,1,0,1,0,1,161,5,1,1,1,1,0,0,91.336,8342.264896,1,0,3.5,12.25
40753,0,0,1,0,0,1,1,1,0,0,1,1,123,6,0,0,0,0,0,0,11.2,125.44,0,0,1.1,1.21
97107,0,0,1,0,0,1,1,1,0,0,1,1,119,6,1,1,0,0,0,0,34.273,1174.638529,0,0,1.2,1.44
83113,0,0,0,1,0,1,1,1,0,0,0,0,124,5,1,1,1,1,0,0,95.1,9044.01,1,0,3.2,10.24
7649,0,0,0,1,0,1,0,0,1,0,2,0,189,4,1,1,1,1,1,0,128.453,16500.173209,1,1,8,64
34175,0,0,1,0,0,1,1,1,0,0,1,1,122,5,1,1,1,1,0,0,93.252,8695.935504,1,0,3.1,9.61
32234,0,0,0,1,0,0,2,1,0,0,0,1,196,4,1,1,1,1,1,0,138.553,19196.933809,1,1,8.4,70.56
34295,0,0,1,0,0,1,2,1,0,1,0,0,169,4,1,1,1,1,1,1,175,30625,1,1,9.1,82.81
15588,0,0,1,0,0,1,1,1,0,0,1,1,120,5,1,1,1,1,1,0,131.519,17297.247361,1,0,3.5,12.25
32304,0,1,0,0,0,1,1,1,0,1,1,1,119,5,1,1,0,0,0,0,38.5,1482.25,1,0,3.3,10.89
75611,0,0,0,1,0,0,0,1,0,0,1,1,182,4,1,1,1,1,1,0,135,18225,1,1,9.9,98.01
15448,0,1,0,0,0,1,1,1,0,0,1,1,119,5,1,1,1,1,0,0,84,7056,1,0,3.7,13.69
78927,0,0,0,0,1,1,1,1,0,0,1,1,119,5,1,1,1,1,1,0,134.112,17986.028544,1,0,4.1,16.81
68475,0,0,0,1,0,0,3,1,0,0,0,1,159,4,1,1,1,1,1,0,145.523,21176.943529,1,1,7.2,51.84
88776,0,0,0,1,0,1,1,1,0,0,1,0,133,5,0,0,0,0,0,0,13.5,182.25,0,0,1.4,1.96
50106,0,0,0,1,0,1,1,1,0,0,1,1,124,5,1,1,1,0,0,0,47.4,2246.76,0,0,2.8,7.84
95254,0,0,0,1,0,1,1,1,0,0,0,1,158,4,1,1,1,1,1,1,173.301,30033.236601,1,1,8.7,75.69
94783,0,0,0,1,0,1,1,1,0,0,1,1,125,5,1,1,0,0,0,0,39.918,1593.446724,0,0,1.7,2.89
41418,1,0,0,0,0,1,0,0,0,0,2,0,124,5,1,1,1,1,1,1,168.848,28509.647104,1,0,4.2,17.64
55161,0,1,0,0,0,1,1,1,0,0,1,1,119,5,1,1,1,1,1,1,161.2,25985.44,1,0,3.4,11.56
54065,0,0,1,0,0,1,1,1,0,0,1,1,122,5,1,1,1,1,1,0,119.412,14259.225744,1,0,3.1,9.61
55185,0,0,1,0,0,1,1,1,0,0,2,1,139,5,1,1,1,1,0,0,89.063,7932.217969,1,0,4.8,23.04
5908,0,1,0,0,0,1,0,1,0,0,2,0,108,5,1,0,0,0,0,0,25.574,654.029476,0,0,1,1
51056,1,0,0,0,0,0,2,1,0,0,0,1,189,4,1,1,1,1,0,0,71.6,5126.56,1,1,7.5,56.25
60260,0,0,1,0,0,1,1,1,0,0,1,1,123,6,1,1,1,1,1,0,135,18225,1,0,4.4,19.36
25425,1,0,0,0,0,1,1,1,0,0,1,1,127,5,1,1,1,1,1,0,108.29,11726.7241,1,0,3.9,15.21
25469,0,1,0,0,0,1,1,1,0,0,1,1,104,6,0,0,0,0,0,0,15.6,243.36,0,0,1.1,1.21
1103,0,1,0,0,0,1,1,0,0,0,2,0,109,5,1,1,1,1,1,0,124.657,15539.367649,1,0,4.2,17.64
72814,1,0,0,0,0,1,1,1,0,1,0,1,124,5,1,1,1,1,1,1,152.542,23269.061764,1,0,4.4,19.36
85153,0,1,0,0,0,1,1,1,0,0,0,1,119,5,1,1,1,1,1,0,140.4,19712.16,1,0,4,16
103921,0,1,0,0,0,0,1,1,0,0,1,1,148,5,1,1,1,1,0,0,94,8836,1,1,6.3,39.69
38799,1,0,0,0,0,0,2,1,0,0,1,0,229,4,1,1,1,1,1,0,140.3,19684.09,1,1,10,100
43830,0,0,0,1,0,1,2,1,0,0,1,1,189,4,1,1,1,1,1,0,143.4,20563.56,1,1,8.3,68.89
38170,1,0,0,0,0,1,1,1,0,0,0,1,117,6,0,0,0,0,0,0,16.11,259.5321,0,0,1.6,2.56
103548,0,0,1,0,0,1,1,1,0,0,1,1,121,5,1,1,1,1,1,0,132,17424,1,0,4.2,17.64
85069,0,0,0,1,0,1,1,1,0,0,1,0,124,5,1,1,1,1,1,0,116.5,13572.25,1,0,3.3,10.89
41065,1,0,0,0,0,0,0,1,0,0,2,1,177,5,1,1,0,0,0,0,30,900,1,0,3.7,13.69
19154,0,0,0,1,0,1,1,1,0,0,1,1,158,4,1,1,1,1,1,1,181.447,32923.013809,1,1,8.4,70.56
4141,0,0,0,1,0,1,1,1,0,0,1,1,159,4,1,1,1,1,1,1,155.65,24226.9225,1,0,5.9,34.81
91602,0,0,1,0,0,1,1,1,0,1,1,1,123,5,1,1,1,1,0,0,93.3,8704.89,1,0,3,9
26673,0,0,0,0,1,0,0,1,0,0,2,1,115,5,1,1,0,0,0,0,39.987,1598.960169,1,0,3.4,11.56
24515,0,1,0,0,0,0,1,1,0,0,1,1,154,4,1,1,1,1,0,0,50.35,2535.1225,1,1,6.3,39.69
100579,0,0,0,0,1,0,1,1,0,0,1,1,139,5,1,0,0,0,0,0,22.26,495.5076,0,0,1.4,1.96
35739,0,0,0,0,1,1,1,1,0,0,1,0,154,5,0,0,0,0,0,0,18.1,327.61,0,0,1.2,1.44
9406,0,0,0,1,0,1,1,1,0,0,2,1,130,5,1,1,1,0,0,0,44.222,1955.585284,0,0,1.4,1.96
58184,0,1,0,0,0,1,1,1,0,0,2,0,139,5,1,1,1,1,1,0,140.55,19754.3025,1,0,4.4,19.36
32187,0,1,0,0,0,1,1,1,0,0,1,1,148,5,1,1,1,1,1,0,133,17689,1,0,3.3,10.89
78569,1,0,0,0,0,1,2,1,0,1,0,1,125,5,0,0,0,0,0,0,18.955,359.292025,1,0,4.3,18.49
2785,0,1,0,0,0,0,1,1,0,0,0,1,136,5,1,1,0,0,0,0,35,1225,1,0,4.8,23.04
100105,1,0,0,0,0,0,2,0,1,0,0,1,194,4,1,1,1,1,0,0,67,4489,1,1,8.2,67.24
3000,1,0,0,0,0,1,1,1,0,0,1,1,118,6,0,0,0,0,0,0,16.865,284.428225,0,0,1.1,1.21
90465,0,0,1,0,0,0,0,1,0,0,0,1,186,4,1,1,1,1,0,0,62.997,3968.622009,1,0,5.8,33.64
90936,0,1,0,0,0,1,1,0,0,1,1,1,119,5,1,1,1,1,0,0,83.2,6922.24,1,0,4.1,16.81
35476,0,0,0,0,1,0,1,1,0,1,1,1,159,5,1,1,1,1,0,0,59.8,3576.04,1,0,3.1,9.61
30829,0,0,0,1,0,1,1,1,0,0,1,1,181,4,1,1,1,1,1,1,163.875,26855.015625,1,1,6.1,37.21
82979,0,1,0,0,0,1,1,1,0,0,0,1,119,5,1,1,1,1,1,0,145.356,21128.366736,1,0,5.2,27.04
20169,1,0,0,0,0,1,0,1,0,1,2,1,155,5,1,1,1,1,1,1,184.204,33931.113616,1,0,3.2,10.24
62624,0,0,0,0,1,1,1,1,0,0,1,1,106,5,1,1,1,1,0,0,50,2500,0,0,2.1,4.41
5643,0,1,0,0,0,0,1,1,0,0,0,1,136,5,1,1,1,1,0,0,78.955,6233.892025,1,0,3.5,12.25
97258,0,0,0,1,0,1,1,1,0,0,1,1,123,5,1,1,1,1,1,0,134,17956,1,0,3.4,11.56
71631,0,0,1,0,0,1,0,1,0,0,0,1,189,4,1,1,1,1,1,0,148.4,22022.56,1,1,7.8,60.84
11322,0,0,1,0,0,1,2,1,0,0,1,1,135,5,1,1,1,1,0,0,85.9,7378.81,1,0,4.6,21.16
6922,0,0,1,0,0,1,0,0,0,0,2,0,120,5,1,1,1,1,1,1,151.756,23029.883536,1,0,4.5,20.25
81445,0,0,0,0,1,1,2,1,0,1,1,1,146,4,1,1,1,1,1,0,123.2,15178.24,1,1,7.8,60.84
67346,0,1,0,0,0,1,1,1,0,1,1,1,137,4,1,1,1,1,1,1,155,24025,1,1,7.7,59.29
15959,0,0,1,0,0,1,0,1,0,1,1,1,149,5,1,1,1,1,1,0,125,15625,1,1,6.5,42.25
10279,0,0,0,0,1,1,1,1,0,0,2,1,119,5,1,1,1,1,1,0,124.589,15522.418921,1,0,4.3,18.49
43427,1,0,0,0,0,1,1,1,0,0,0,0,127,5,1,1,1,1,1,0,111.556,12444.741136,0,0,2.4,5.76
68077,0,1,0,0,0,1,1,1,0,0,2,0,119,5,1,1,1,1,0,0,75.3,5670.09,1,0,4.2,17.64
35323,1,0,0,0,0,1,1,1,0,0,1,1,136,5,1,1,1,1,0,0,64.8,4199.04,1,0,4,16
31116,1,0,0,0,0,1,1,1,0,1,1,1,195,5,1,1,1,0,0,0,49.036,2404.529296,0,0,2.6,6.76
31609,0,0,0,1,0,1,1,1,0,0,2,0,123,5,1,1,1,1,1,0,117.096,13711.473216,1,0,3.1,9.61
28416,0,1,0,0,0,1,1,1,0,0,1,1,103,5,0,0,0,0,0,0,18.51,342.6201,0,0,1.1,1.21
31846,0,0,1,0,0,1,1,1,0,1,1,1,135,5,1,1,1,0,0,0,46.2,2134.44,0,0,2.8,7.84
52794,0,0,0,1,0,1,1,1,0,0,0,1,124,5,1,1,1,0,0,0,40,1600,0,0,2.7,7.29
69401,0,1,0,0,0,0,1,1,0,1,1,1,119,5,1,0,0,0,0,0,24.546,602.506116,0,0,1.3,1.69
57919,0,0,0,0,1,1,1,1,0,1,0,1,117,5,1,1,1,0,0,0,46.785,2188.836225,0,0,2.2,4.84
40259,1,0,0,0,0,0,2,1,0,0,1,0,194,4,1,1,1,1,0,0,94,8836,1,1,7.6,57.76
18270,0,0,0,1,0,1,0,1,0,0,1,1,155,4,1,1,1,1,1,1,172,29584,1,1,9.2,84.64
26742,0,0,0,1,0,1,1,0,0,0,0,1,119,5,1,1,1,1,0,0,73.8,5446.44,0,0,2.6,6.76
40091,0,0,0,1,0,0,2,0,1,0,0,0,185,4,1,1,1,1,1,0,143,20449,1,1,12.7,161.29
6465,0,1,0,0,0,0,2,1,1,0,1,1,136,5,1,1,1,1,0,0,77,5929,1,0,5,25
34213,1,0,0,0,0,1,2,0,1,0,0,1,154,5,1,1,1,1,1,0,137,18769,1,0,5.8,33.64
84501,0,0,0,0,1,0,2,1,0,0,0,0,166,4,1,1,1,1,1,0,116.35,13537.3225,1,1,8.3,68.89
102586,0,0,0,0,1,1,0,1,0,0,0,1,159,4,1,1,1,1,1,1,158.5,25122.25,1,1,9.6,92.16
13589,0,0,0,1,0,1,1,1,0,0,1,0,124,5,1,1,1,1,0,0,74.063,5485.327969,0,0,2.9,8.41
40166,0,0,1,0,0,0,1,1,1,0,0,1,158,5,1,1,1,1,0,0,80.3,6448.09,1,1,6.3,39.69
11250,1,0,0,0,0,1,2,1,0,0,0,0,157,5,1,1,1,1,0,0,77.028,5933.312784,1,0,4.9,24.01
27582,0,1,0,0,0,1,1,1,0,0,0,1,109,5,1,1,1,1,0,0,97,9409,1,0,4.6,21.16
103352,0,1,0,0,0,1,1,1,0,0,1,1,119,5,1,1,1,1,1,0,122.65,15043.0225,1,0,3.2,10.24
56376,1,0,0,0,0,1,2,0,0,0,0,1,154,5,1,1,1,1,0,0,86.596,7498.867216,1,0,5,25
91683,0,0,0,1,0,1,1,1,0,0,1,1,142,5,1,1,0,0,0,0,36.5,1332.25,0,0,2.3,5.29
59714,0,0,1,0,0,1,1,1,0,0,1,1,120,5,1,1,1,1,1,0,138.415,19158.712225,1,0,3.2,10.24
19608,1,0,0,0,0,1,2,1,0,1,0,1,154,5,1,1,1,1,0,0,81.85,6699.4225,1,0,4.5,20.25
85489,0,1,0,0,0,1,0,1,1,0,2,0,143,5,1,1,1,1,1,1,150,22500,1,0,5.1,26.01
15809,0,0,0,0,1,1,1,1,0,1,0,1,113,5,1,1,1,1,0,0,59.54,3545.0116,0,0,2.1,4.41
75126,0,0,0,0,1,1,1,1,0,0,1,1,119,4,1,1,1,1,1,1,169.998,28899.320004,1,0,5.1,26.01
93222,0,0,1,0,0,1,0,1,0,0,1,0,120,5,1,1,1,1,0,0,64.5,4160.25,1,0,3.5,12.25
65277,0,0,0,1,0,1,1,1,0,0,1,0,133,5,0,0,0,0,0,0,15.9,252.81,0,0,1.1,1.21
61820,0,0,0,1,0,1,2,1,0,1,0,0,158,4,1,1,1,1,1,0,139.065,19339.074225,1,1,8.5,72.25
70987,1,0,0,0,0,1,1,1,0,0,0,1,127,5,1,1,1,1,1,0,133.628,17856.442384,1,0,3.7,13.69
12926,0,0,1,0,0,1,0,1,0,0,1,0,120,5,1,1,1,1,0,0,83.4,6955.56,1,0,3.1,9.61
49816,0,1,0,0,0,0,1,1,0,0,0,1,123,5,0,0,0,0,0,0,12.859,165.353881,1,0,4.4,19.36
30133,0,0,0,1,0,1,4,1,0,0,0,1,142,4,1,1,1,1,1,1,189,35721,1,1,6.5,42.25
45319,0,0,0,1,0,0,2,1,0,0,1,1,196,4,1,1,1,1,1,0,138.997,19320.166009,1,1,8.5,72.25
33951,0,0,0,1,0,1,1,1,0,0,0,1,128,5,1,1,1,1,0,0,84,7056,1,0,4.5,20.25
101915,0,0,0,1,0,1,0,1,0,0,1,0,119,5,1,1,1,1,1,0,137.35,18865.0225,1,0,3.9,15.21
91682,0,0,1,0,0,1,4,1,0,0,0,1,180,4,1,1,1,1,1,1,173.5,30102.25,1,1,10.2,104.04
6727,1,0,0,0,0,1,1,1,0,0,1,1,127,5,1,1,1,1,0,0,80.487,6478.157169,0,0,2.5,6.25
219,1,0,0,0,0,1,1,0,0,0,2,0,127,5,1,1,1,1,0,0,85.262,7269.608644,0,0,2.5,6.25
95719,0,1,0,0,0,1,1,1,0,0,0,0,103,6,1,1,1,1,0,0,61.45,3776.1025,0,0,1.9,3.61
80472,0,0,1,0,0,0,1,1,0,0,0,0,182,5,1,1,1,1,0,0,74.994,5624.100036,1,0,3.2,10.24
43503,0,0,1,0,0,1,1,1,0,1,0,1,135,5,1,1,1,1,1,0,130,16900,1,0,3.2,10.24
52420,0,0,1,0,0,1,1,1,0,0,0,1,120,5,1,1,1,1,1,0,129.987,16896.620169,1,0,3.6,12.96
35400,0,0,0,1,0,1,1,0,0,0,2,0,125,5,1,1,0,0,0,0,36.19,1309.7161,0,0,2.4,5.76
54360,0,0,1,0,0,1,0,1,0,0,0,1,121,5,1,1,1,1,1,1,179.985,32394.600225,1,0,3.1,9.61
23444,0,0,1,0,0,1,2,1,0,0,0,0,177,4,1,1,1,1,1,0,130,16900,1,1,8.8,77.44
15264,0,0,0,1,0,0,0,1,0,0,2,0,182,4,1,1,1,1,1,0,102.45,10496.0025,1,1,9.4,88.36
25038,0,1,0,0,0,1,1,1,0,0,1,1,119,5,1,1,1,1,0,0,70.761,5007.119121,1,0,3.1,9.61
89128,0,1,0,0,0,1,3,1,0,0,0,0,137,4,1,1,1,1,1,1,185.8,34521.64,1,1,7.2,51.84
26665,0,1,0,0,0,1,0,0,1,0,2,0,128,5,1,1,1,1,1,0,112.3,12611.29,1,0,4.7,22.09
83880,1,0,0,0,0,1,1,1,0,1,1,1,108,6,1,0,0,0,0,0,29.25,855.5625,0,0,1.5,2.25
50613,0,0,0,1,0,1,1,1,0,0,0,1,114,5,1,1,1,1,0,0,59.561,3547.512721,1,0,4.6,21.16
47693,0,1,0,0,0,1,1,1,0,0,1,1,139,4,1,1,1,1,0,0,94.442,8919.291364,1,1,6.4,40.96
68246,0,1,0,0,0,1,1,1,0,1,1,1,128,5,1,1,1,1,0,0,66.92,4478.2864,1,0,4.2,17.64
24471,1,0,0,0,0,1,0,1,0,0,0,1,161,5,1,1,1,1,1,1,161,25921,1,0,3.3,10.89
93823,0,0,0,1,0,0,2,1,1,0,0,0,180,4,1,1,1,1,1,1,190,36100,1,1,14.5,210.25
70303,0,0,0,1,0,1,2,1,0,0,2,1,122,5,1,1,1,0,0,0,47.075,2216.055625,1,0,3,9
97004,1,0,0,0,0,1,1,1,0,0,1,1,127,5,1,1,1,1,1,0,104.164,10850.138896,1,0,3.1,9.61
42171,0,0,1,0,0,1,1,1,0,0,1,1,136,5,1,1,1,1,0,0,81.76,6684.6976,1,0,3.2,10.24
44937,0,0,0,0,1,1,1,1,0,0,2,1,118,5,1,1,1,1,1,0,138.902,19293.765604,1,0,4.3,18.49
10026,0,0,1,0,0,1,1,1,0,1,0,1,121,5,1,1,1,1,1,0,143.695,20648.253025,1,0,3.9,15.21
74548,0,0,1,0,0,1,1,1,0,0,0,1,120,5,1,1,1,1,1,0,122,14884,0,0,2.6,6.76
12196,0,0,1,0,0,1,1,1,0,0,1,1,135,5,0,0,0,0,0,0,14.497,210.163009,0,0,1.1,1.21
84836,0,0,0,1,0,1,1,1,0,0,1,1,135,5,1,1,1,1,0,0,82.873,6867.934129,1,0,3.4,11.56
94314,0,0,1,0,0,1,1,1,0,0,1,1,116,6,0,0,0,0,0,0,10.455,109.307025,0,0,1.1,1.21
34815,0,0,0,1,0,1,1,1,0,1,2,1,122,5,1,1,1,1,1,0,146.97,21600.1809,1,0,3.1,9.61
33450,0,0,0,1,0,1,0,1,0,0,2,0,119,5,1,1,1,1,0,0,52.217,2726.615089,0,0,2.9,8.41
93587,1,0,0,0,0,0,0,0,1,0,1,1,201,4,1,1,1,1,1,0,145,21025,1,1,11.1,123.21
95143,0,0,1,0,0,1,2,0,1,0,0,0,123,5,1,1,1,1,1,0,136.322,18583.687684,1,0,4.1,16.81
72232,0,0,1,0,0,1,1,1,0,0,2,0,120,5,1,1,1,1,0,0,67.9,4610.41,1,0,3.3,10.89
16132,0,0,0,0,1,1,1,0,1,0,0,0,159,4,1,1,1,1,1,1,155,24025,1,1,8.7,75.69
62956,1,0,0,0,0,1,1,1,0,1,1,1,147,5,1,1,1,1,0,0,61.549,3788.279401,1,0,4.1,16.81
69614,0,0,0,1,0,1,0,0,1,0,2,0,158,3,1,1,1,1,1,1,171.3,29343.69,1,1,11,121
24535,0,0,1,0,0,1,0,1,0,0,0,0,153,4,1,1,1,1,1,0,132.865,17653.108225,1,1,10.2,104.04
60449,0,0,1,0,0,1,1,1,0,0,0,1,135,5,1,1,1,1,1,0,126.061,15891.375721,1,0,3.4,11.56
72146,0,0,0,0,1,0,0,1,0,0,0,1,158,4,1,1,1,1,1,0,148.25,21978.0625,1,1,8.4,70.56
66992,0,0,1,0,0,0,1,1,0,0,0,1,160,5,1,1,1,1,0,0,94.096,8854.057216,1,0,4.4,19.36
24448,1,0,0,0,0,1,1,1,0,1,1,1,127,5,1,1,1,1,0,0,74.158,5499.408964,0,0,2.7,7.29
16908,1,0,0,0,0,1,0,1,0,0,0,1,124,5,1,1,1,1,0,0,95.45,9110.7025,1,0,3.3,10.89
9829,0,0,1,0,0,1,0,1,0,0,0,1,122,5,1,1,1,1,0,0,87.533,7662.026089,0,0,2.8,7.84
85906,0,0,1,0,0,1,1,1,0,0,0,1,122,6,1,0,0,0,0,0,24,576,0,0,1.3,1.69
29494,0,1,0,0,0,0,2,1,0,0,0,1,146,5,1,1,1,1,0,0,92.5,8556.25,1,0,5.7,32.49
15512,0,0,1,0,0,1,0,0,0,0,2,0,135,5,1,1,1,1,1,1,159.866,25557.137956,1,0,3.2,10.24
102564,0,0,1,0,0,0,2,1,0,0,1,0,140,5,1,1,1,1,0,0,62.9,3956.41,1,0,3.9,15.21
64671,0,0,1,0,0,1,0,1,0,0,0,1,121,5,1,1,1,1,1,1,192.635,37108.243225,1,0,4.1,16.81
37006,0,0,1,0,0,0,2,1,0,0,0,1,181,4,1,1,1,1,1,0,120,14400,1,1,9.9,98.01
16264,0,0,0,0,1,0,2,1,1,0,1,0,172,3,1,1,1,1,1,0,143.283,20530.018089,1,1,17.3,299.29
17492,0,0,0,0,1,0,0,1,0,0,1,0,158,4,1,1,1,1,1,0,101.944,10392.579136,1,1,7.3,53.29
61180,0,0,1,0,0,1,1,1,0,0,1,1,135,5,1,0,0,0,0,0,29.45,867.3025,0,0,1.4,1.96
79841,0,0,1,0,0,0,0,1,0,0,0,1,140,5,1,1,1,1,0,0,68.557,4700.062249,1,0,5.1,26.01
60823,0,0,1,0,0,1,1,1,0,0,0,0,122,5,1,1,1,1,0,0,98.152,9633.815104,1,0,3.3,10.89
39227,0,0,1,0,0,1,1,1,0,0,1,1,149,5,1,1,1,1,1,0,140.7,19796.49,1,0,3.1,9.61
100224,0,0,1,0,0,1,0,0,1,0,0,1,113,5,1,1,1,1,1,1,177.6,31541.76,1,0,4.2,17.64
73951,0,0,1,0,0,1,1,1,0,0,1,1,135,5,1,0,0,0,0,0,27.757,770.451049,0,0,1.4,1.96
26556,0,0,0,1,0,1,0,1,0,0,0,0,158,4,1,1,1,1,1,1,200,40000,1,1,8.1,65.61
97721,0,0,0,1,0,1,1,0,1,0,0,1,120,5,1,1,1,1,1,0,136.14,18534.0996,1,0,4.7,22.09
39007,0,0,1,0,0,0,2,1,0,0,1,1,159,5,1,1,1,1,0,0,69.42,4819.1364,1,0,5.5,30.25
86745,0,0,0,1,0,1,2,0,1,0,0,1,155,4,1,1,1,1,1,0,116.9,13665.61,1,1,6.4,40.96
8311,1,0,0,0,0,1,0,1,0,1,1,1,135,5,1,0,0,0,0,0,28.5,812.25,0,0,1.7,2.89
35107,0,0,1,0,0,1,1,1,0,0,0,1,124,5,1,1,1,1,1,1,195.494,38217.904036,1,0,4.5,20.25
71564,0,0,0,1,0,1,2,1,0,0,2,0,135,5,1,1,1,1,0,0,76.34,5827.7956,1,0,3.3,10.89
96713,0,1,0,0,0,0,1,1,0,0,1,1,148,5,1,1,1,1,1,0,113.937,12981.639969,1,1,6.4,40.96
54671,0,0,1,0,0,1,1,1,0,0,1,1,113,5,1,1,1,1,1,0,140,19600,1,0,3.1,9.61
6229,0,0,1,0,0,1,1,1,0,0,1,1,135,5,1,1,1,1,0,0,75.4,5685.16,1,0,4.1,16.81
60196,0,0,0,1,0,1,1,1,0,0,1,1,123,5,1,1,1,1,1,0,132.762,17625.748644,1,0,3.1,9.61
66361,0,0,1,0,0,1,1,1,0,0,2,1,125,5,1,1,1,1,1,0,117,13689,1,0,4.4,19.36
84508,0,0,0,1,0,1,0,1,0,0,2,1,114,5,1,1,1,1,0,0,70.224,4931.410176,1,0,4.9,24.01
13400,0,0,1,0,0,0,1,1,0,0,1,1,215,5,0,0,0,0,0,0,13.857,192.016449,0,0,1.2,1.44
15083,0,0,1,0,0,1,1,1,0,0,0,1,136,5,0,0,0,0,0,0,19.376,375.429376,0,0,1.4,1.96
77909,0,0,1,0,0,1,1,1,0,0,0,1,135,5,1,1,1,1,1,1,174,30276,1,0,4.3,18.49
79930,0,0,0,1,0,1,0,0,1,0,2,0,158,4,1,1,1,1,1,0,110,12100,1,1,11.7,136.89
50184,0,0,0,0,1,1,2,0,0,0,0,1,132,3,1,1,1,1,1,0,148,21904,1,1,15.5,240.25
204,0,0,1,0,0,1,1,1,0,0,1,1,125,5,1,1,1,1,0,0,73.72,5434.6384,1,0,3.1,9.61
5410,0,0,0,0,1,0,2,0,1,0,0,0,175,4,1,1,1,1,1,0,128,16384,1,1,9.4,88.36
44823,0,0,1,0,0,1,1,1,0,0,1,1,122,5,1,0,0,0,0,0,21.563,464.962969,0,0,1.2,1.44
37655,0,0,1,0,0,1,2,1,0,0,1,1,184,4,1,1,1,1,1,1,162,26244,1,1,9,81
49883,0,1,0,0,0,1,1,1,0,0,1,0,119,5,1,1,1,1,0,0,69.155,4782.414025,1,0,4.6,21.16
8881,0,0,0,0,1,1,2,0,1,0,1,1,109,5,1,1,1,1,1,0,138.2,19099.24,1,0,4.1,16.81
86049,0,0,1,0,0,1,1,1,0,0,0,1,139,5,1,1,1,1,0,0,66.419,4411.483561,1,0,4.3,18.49
98603,0,0,1,0,0,1,2,0,1,0,0,1,155,6,1,1,1,1,1,1,151,22801,1,1,6.5,42.25
48989,0,1,0,0,0,1,1,1,0,0,0,1,139,5,1,1,1,1,0,0,97.589,9523.612921,1,0,4.1,16.81
50650,0,0,0,1,0,0,2,0,0,0,1,1,196,4,1,1,1,1,1,1,174.25,30363.0625,1,1,8.7,75.69
60551,1,0,0,0,0,0,2,1,0,0,1,0,229,4,1,1,1,1,0,0,65,4225,1,1,8.1,65.61
27014,0,0,0,1,0,1,2,1,1,0,0,1,125,4,1,1,1,1,1,0,138,19044,1,1,7.4,54.76
21383,0,0,0,0,1,0,1,1,0,0,1,1,139,5,1,1,1,1,0,0,54.39,2958.2721,1,0,4.5,20.25
58182,1,0,0,0,0,0,0,1,0,0,2,0,185,4,1,1,1,1,0,0,78.444,6153.461136,1,1,7.3,53.29
35526,0,0,1,0,0,0,1,1,0,0,1,1,144,5,0,0,0,0,0,0,12.263,150.381169,0,0,1.1,1.21
53991,1,0,0,0,0,1,1,1,0,0,0,1,135,5,1,1,1,1,1,0,128,16384,1,0,4.3,18.49
24261,0,1,0,0,0,1,3,1,0,1,1,1,109,5,1,1,1,1,0,0,72.3,5227.29,1,0,5.1,26.01
61240,0,0,1,0,0,1,1,1,0,0,0,1,135,5,1,1,1,1,0,0,52.88,2796.2944,0,0,2.7,7.29
9740,0,0,0,1,0,1,1,1,0,1,1,1,140,5,1,1,1,1,1,0,103,10609,1,0,3.4,11.56
25241,0,0,1,0,0,1,0,0,1,0,2,0,158,4,1,1,1,1,1,1,152.8,23347.84,1,1,7.9,62.41
210,0,0,0,0,1,1,1,0,0,0,2,0,105,5,1,1,0,0,0,0,31.442,988.599364,0,0,2.3,5.29
580,0,0,0,1,0,1,1,1,1,0,0,1,138,6,1,1,1,1,1,0,108.211,11709.620521,0,0,2.7,7.29
98978,0,0,0,1,0,1,1,1,0,1,0,1,123,6,1,1,1,1,1,1,168.5,28392.25,0,0,2.1,4.41
79582,0,0,0,1,0,1,1,1,0,0,1,1,119,5,1,1,1,1,1,0,133,17689,1,0,3.1,9.61
97640,0,1,0,0,0,1,1,0,0,0,0,0,143,2,1,1,1,1,1,1,189.1,35758.81,1,1,18.8,353.44
80632,0,0,1,0,0,1,1,1,0,1,0,1,135,5,1,1,1,1,1,0,138.1,19071.61,1,0,4.2,17.64
27808,0,1,0,0,0,1,1,1,0,1,1,1,119,5,1,1,1,1,0,0,71.25,5076.5625,1,0,3.6,12.96
9396,0,1,0,0,0,1,1,1,0,0,1,1,128,5,1,1,1,1,1,0,106.511,11344.593121,1,0,3.2,10.24
92865,0,0,1,0,0,0,1,0,1,0,0,1,212,4,1,1,1,1,1,0,123.5,15252.25,1,1,8.5,72.25
102662,0,1,0,0,0,0,1,1,0,0,1,1,115,6,0,0,0,0,0,0,14.8,219.04,0,0,1.2,1.44
75103,0,0,0,1,0,0,0,1,0,0,1,1,185,4,1,1,1,1,1,0,130,16900,1,1,12.5,156.25
18080,0,0,0,1,0,1,2,1,0,0,2,1,179,4,1,1,1,1,1,0,144.999,21024.710001,1,1,7.8,60.84
12417,1,0,0,0,0,1,1,1,0,0,1,1,114,5,1,1,0,0,0,0,31.612,999.318544,0,0,1.3,1.69
49327,0,0,0,1,0,1,1,1,0,0,1,1,125,5,1,1,1,1,0,0,87.399,7638.585201,1,0,3.2,10.24
50896,0,0,1,0,0,1,1,1,0,0,1,1,125,5,1,1,1,1,0,0,85.583,7324.449889,1,0,3.5,12.25
56312,1,0,0,0,0,1,1,1,0,0,1,1,121,6,1,0,0,0,0,0,23.7,561.69,0,0,1.1,1.21
55163,0,0,0,0,1,0,2,1,0,0,0,1,187,4,1,1,1,1,0,0,75.4,5685.16,1,1,10,100
26182,0,0,1,0,0,1,0,1,0,0,1,1,156,4,1,1,1,1,1,0,135,18225,1,1,9.6,92.16
38729,0,0,1,0,0,1,1,1,0,0,1,1,135,5,1,1,1,1,1,0,144.145,20777.781025,1,0,3.1,9.61
6525,1,0,0,0,0,1,1,1,0,0,1,1,127,5,1,1,1,1,1,0,106.14,11265.6996,1,0,3.7,13.69
63579,0,0,1,0,0,1,1,1,0,0,2,0,135,5,1,1,1,1,0,0,81.939,6713.999721,0,0,2.2,4.84
29994,0,0,1,0,0,1,1,1,0,1,1,1,122,5,1,1,1,1,0,0,84.724,7178.156176,1,0,3.6,12.96
16,0,0,0,1,0,1,2,1,0,0,0,1,189,4,1,1,1,1,1,1,193,37249,1,1,8.3,68.89
102418,0,0,1,0,0,1,1,1,0,0,1,0,136,5,1,1,1,1,0,0,94,8836,1,0,3.1,9.61
83135,0,0,1,0,0,1,0,0,1,0,2,0,148,5,1,1,1,1,1,0,107,11449,1,1,6.4,40.96
75053,0,0,1,0,0,1,2,1,0,1,1,1,174,4,1,1,1,1,1,0,139.991,19597.480081,1,1,10.4,108.16
22412,0,0,1,0,0,1,1,1,0,0,1,1,177,4,1,1,1,1,1,0,100.898,10180.406404,1,1,8,64
35469,0,0,1,0,0,1,3,1,1,0,0,1,158,4,1,1,1,1,1,1,161.5,26082.25,1,1,8.6,73.96
70378,0,0,0,0,1,0,2,1,0,0,2,0,138,5,1,1,1,1,0,0,55.15,3041.5225,1,0,4.7,22.09
7696,1,0,0,0,0,1,2,1,0,0,0,0,137,5,1,1,1,1,1,0,143,20449,1,0,5.8,33.64
4129,0,1,0,0,0,1,1,1,0,0,0,1,113,5,1,1,1,1,1,0,136.7,18686.89,1,0,4.3,18.49
98723,0,0,1,0,0,1,1,1,0,1,0,1,120,5,1,1,1,1,1,0,134.7,18144.09,1,0,3.8,14.44
10337,0,0,1,0,0,1,0,1,0,1,0,1,122,5,1,1,1,1,1,0,144.5,20880.25,1,0,3.5,12.25
14637,0,0,0,0,1,0,1,1,0,0,1,1,139,5,1,1,1,1,0,0,98.4,9682.56,1,0,4.6,21.16
42400,0,0,0,0,1,0,1,1,0,0,1,1,152,5,1,0,0,0,0,0,27.35,748.0225,1,0,4.9,24.01
5578,0,0,0,1,0,0,2,1,0,0,1,1,182,4,1,1,1,1,1,1,173,29929,1,1,8.8,77.44
65121,0,0,0,0,1,1,1,1,0,0,1,0,154,5,1,1,1,1,1,0,114.49,13107.9601,1,0,3.1,9.61
6970,0,0,1,0,0,0,0,1,0,1,2,0,192,4,1,1,1,1,1,0,100,10000,1,0,5.3,28.09
23426,0,1,0,0,0,1,1,1,0,0,0,1,119,5,1,1,1,1,1,0,107.425,11540.130625,1,0,3.3,10.89
63926,0,1,0,0,0,1,1,1,0,0,0,1,103,6,1,1,1,0,0,0,46.47,2159.4609,0,0,1.9,3.61
45223,0,1,0,0,0,1,2,1,0,0,0,1,125,5,1,1,1,1,1,0,106.793,11404.744849,1,0,5.7,32.49
95524,0,0,0,0,1,1,1,1,0,1,1,1,117,5,1,1,1,1,1,0,121,14641,1,0,3.7,13.69
1772,0,0,1,0,0,1,1,1,0,0,1,1,155,5,1,1,1,1,1,0,147.9,21874.41,1,0,5,25
60878,0,0,1,0,0,1,2,1,0,0,1,1,158,4,1,1,1,1,1,0,136,18496,1,1,8.8,77.44
65550,0,1,0,0,0,1,1,1,0,1,1,1,128,5,1,0,0,0,0,0,29.998,899.880004,1,0,3.2,10.24
40088,0,1,0,0,0,0,1,1,0,0,2,1,176,4,1,1,0,0,0,0,34.9,1218.01,1,1,7.3,53.29
64207,1,0,0,0,0,0,2,1,0,0,0,0,164,4,1,1,1,1,0,0,99,9801,1,1,6.4,40.96
54491,0,1,0,0,0,1,1,1,0,0,1,1,130,5,1,1,1,0,0,0,49.477,2447.973529,1,0,4.1,16.81
53111,0,0,1,0,0,1,1,1,0,0,0,1,120,5,1,1,1,1,1,0,147.377,21719.980129,1,0,4.5,20.25
8213,0,0,1,0,0,1,1,1,0,0,1,1,139,5,1,1,1,1,1,0,134.03,17964.0409,1,0,3.4,11.56
51152,0,0,1,0,0,1,2,1,0,0,1,1,120,5,1,1,1,1,0,0,76.1,5791.21,1,0,5.1,26.01
51240,0,0,0,0,1,1,1,0,0,0,2,0,135,5,1,1,1,1,0,0,97.818,9568.361124,1,0,4.6,21.16
11802,0,0,1,0,0,1,2,1,0,0,0,0,158,4,1,1,1,1,1,1,162.2,26308.84,1,1,9.1,82.81
15700,0,1,0,0,0,1,1,1,0,0,1,1,119,5,1,1,1,1,0,0,71,5041,1,0,5.1,26.01
91741,0,0,0,0,1,1,2,1,0,0,1,1,149,4,1,1,1,1,1,1,171,29241,1,1,6.7,44.89
14906,1,0,0,0,0,1,2,0,1,0,1,0,160,4,1,1,1,1,1,0,129.01,16643.5801,1,1,7.1,50.41
34554,0,0,0,1,0,1,0,1,0,0,1,1,155,4,1,1,1,1,1,1,172,29584,1,1,9.3,86.49
30194,0,0,0,1,0,0,0,1,0,1,1,1,182,4,1,1,1,1,1,0,110.38,12183.7444,1,1,8.5,72.25
29683,0,0,0,1,0,0,3,1,0,1,1,0,182,4,1,1,1,1,0,0,79.459,6313.732681,1,1,9.1,82.81
82535,0,0,1,0,0,1,1,0,1,0,1,1,120,5,1,1,1,1,1,1,159,25281,1,0,3.5,12.25
15333,1,0,0,0,0,1,1,1,0,1,2,1,128,5,1,1,1,1,1,0,112.36,12624.7696,1,0,3.2,10.24
85716,0,1,0,0,0,0,0,1,0,0,2,0,149,4,1,1,1,1,1,0,133,17689,1,1,7.6,57.76
93296,0,0,0,0,1,0,1,1,0,0,0,1,137,5,0,0,0,0,0,0,19,361,0,0,1.3,1.69
8241,0,0,1,0,0,1,1,1,0,0,1,0,120,5,1,1,1,1,1,1,159.1,25312.81,1,0,3.1,9.61
24323,0,0,0,1,0,1,1,1,0,1,0,1,142,5,1,1,1,1,1,1,164,26896,1,0,3.5,12.25
92649,1,0,0,0,0,1,1,1,0,0,1,0,109,6,1,1,1,1,0,0,54,2916,0,0,1.1,1.21
41105,0,0,1,0,0,1,1,1,0,0,1,1,123,5,1,1,1,1,1,0,120.951,14629.144401,1,0,3.1,9.61
2297,1,0,0,0,0,1,1,1,0,0,0,0,140,5,1,1,1,1,1,1,195.376,38171.781376,1,0,3.7,13.69
81080,0,0,0,1,0,1,2,1,0,0,1,1,142,5,1,1,1,1,0,0,62.99,3967.7401,1,0,4.2,17.64
7019,0,1,0,0,0,0,0,1,0,0,1,1,136,5,1,1,1,1,0,0,67.5,4556.25,1,0,5.1,26.01
29431,0,0,0,1,0,0,1,1,0,0,1,1,149,5,1,1,1,0,0,0,43.4,1883.56,1,0,4,16
79567,0,0,1,0,0,1,2,1,0,0,1,1,122,5,1,1,1,0,0,0,43.185,1864.944225,1,0,4.7,22.09
87604,0,1,0,0,0,0,2,1,0,0,0,1,149,5,1,1,1,1,0,0,69.715,4860.181225,1,1,6,36
8955,0,0,1,0,0,0,1,1,0,0,2,0,171,5,1,1,1,1,0,0,61.218,3747.643524,1,0,4.2,17.64
90944,0,1,0,0,0,1,0,1,0,0,0,1,148,4,1,1,1,1,1,1,156,24336,1,1,8.2,67.24
87864,0,0,0,1,0,0,2,1,0,0,0,1,156,4,1,1,1,1,0,0,98,9604,1,1,8.4,70.56
51046,0,0,0,1,0,1,1,1,0,1,1,1,119,5,1,1,1,0,0,0,43.42,1885.2964,1,0,3,9
8115,0,0,0,0,1,1,1,0,0,0,2,0,105,5,1,1,1,0,0,0,48.425,2344.980625,0,0,2.2,4.84
95972,0,0,1,0,0,1,0,0,1,0,0,1,148,5,1,1,1,1,1,1,165,27225,1,1,6.8,46.24
93987,0,0,1,0,0,1,0,0,0,0,2,0,120,5,1,1,1,1,1,0,147.742,21827.698564,1,0,4.2,17.64
93211,0,1,0,0,0,1,2,1,0,0,1,1,109,5,1,1,1,1,1,1,191,36481,1,0,5.1,26.01
103357,0,0,1,0,0,1,0,0,0,0,2,0,135,5,1,1,1,1,1,1,178.035,31696.461225,0,0,2.3,5.29
16309,0,1,0,0,0,1,1,1,0,0,1,1,119,5,1,1,1,1,0,0,75.4,5685.16,1,0,3.2,10.24
69397,0,0,0,1,0,1,2,1,0,0,1,1,153,5,1,1,1,1,1,0,122.499,15006.005001,1,0,3.7,13.69
56272,0,0,0,1,0,1,1,1,0,0,1,1,123,5,1,1,1,1,0,0,59.8,3576.04,0,0,1.4,1.96
77087,0,0,0,0,1,1,1,1,0,0,2,0,109,5,1,1,1,0,0,0,46.405,2153.424025,1,0,4.6,21.16
154,0,0,0,0,1,1,1,0,0,0,2,0,119,5,1,1,1,1,1,0,106.696,11384.036416,1,0,3.1,9.61
63904,0,1,0,0,0,0,1,1,0,0,0,1,149,4,1,1,1,1,0,0,79.9,6384.01,1,1,7.3,53.29
21555,0,0,1,0,0,1,1,1,0,1,1,1,135,5,1,1,1,1,0,0,84,7056,1,0,3.2,10.24
28478,0,0,0,0,1,1,1,1,0,0,1,1,106,5,1,0,0,0,0,0,22.251,495.107001,0,0,2.3,5.29
103006,1,0,0,0,0,0,1,1,0,0,1,1,125,6,1,0,0,0,0,0,24.6,605.16,0,0,1.1,1.21
50623,0,0,0,1,0,1,2,1,0,1,1,1,184,4,1,1,1,1,0,0,69.755,4865.760025,1,1,8.7,75.69
77063,0,0,1,0,0,1,1,1,0,0,1,1,135,5,1,1,0,0,0,0,32.611,1063.477321,0,0,1.7,2.89
36171,0,0,1,0,0,1,0,0,1,0,2,0,144,6,0,0,0,0,0,0,16.5,272.25,1,0,5.7,32.49
22806,0,0,0,0,1,1,1,1,0,1,1,1,120,5,1,1,1,1,1,0,145,21025,1,0,3.3,10.89
40328,0,0,1,0,0,1,1,1,0,0,1,1,120,5,1,1,1,1,1,1,163.15,26617.9225,1,0,4,16
61321,1,0,0,0,0,0,1,1,0,0,2,0,128,6,0,0,0,0,0,0,12.444,154.853136,0,0,1.4,1.96
24728,0,0,1,0,0,0,1,1,0,1,1,1,140,5,0,0,0,0,0,0,12.389,153.487321,0,0,1.2,1.44
56805,0,0,1,0,0,0,2,1,1,0,0,1,186,4,1,1,1,1,0,0,81.5,6642.25,1,1,9.6,92.16
91292,0,0,0,1,0,1,0,0,1,0,1,1,155,4,1,1,1,1,1,1,181,32761,1,1,8.9,79.21
2651,1,0,0,0,0,1,1,1,0,1,1,1,151,5,1,1,1,1,0,0,64.64,4178.3296,0,0,1.8,3.24
37580,0,0,1,0,0,1,1,1,0,0,1,1,120,5,1,1,1,1,0,0,70.798,5012.356804,0,0,2.2,4.84
89531,0,1,0,0,0,1,1,1,0,0,1,1,119,5,1,1,1,1,1,0,103.205,10651.272025,1,0,3.5,12.25
85384,0,0,1,0,0,1,2,1,0,0,0,1,121,5,1,1,1,1,1,1,177,31329,1,0,4.2,17.64
93853,0,0,1,0,0,1,1,1,0,0,1,1,123,5,1,1,1,1,0,0,53,2809,1,0,4.3,18.49
3493,0,0,1,0,0,1,1,1,0,0,1,1,149,4,1,1,1,1,1,0,146.5,21462.25,1,0,4.2,17.64
8133,0,0,1,0,0,1,1,1,0,0,1,1,116,5,1,1,1,1,0,0,80.2,6432.04,1,0,4.3,18.49
6623,0,0,0,1,0,1,2,0,1,0,0,1,142,5,1,1,1,1,1,0,149,22201,1,0,5.3,28.09
56656,1,0,0,0,0,1,1,1,0,0,1,1,127,5,1,1,1,1,1,0,140.8,19824.64,0,0,2.4,5.76
44744,0,0,1,0,0,1,1,1,0,0,1,1,177,4,1,1,1,1,1,0,131,17161,1,1,9.4,88.36
83316,0,0,0,1,0,1,1,1,0,0,0,1,125,5,1,1,1,1,0,0,81.225,6597.500625,0,0,2.7,7.29
72668,0,0,1,0,0,1,2,1,0,0,1,1,140,6,0,0,0,0,0,0,16,256,0,0,1,1
17073,0,0,0,1,0,1,2,1,1,0,0,1,150,5,1,1,1,1,1,0,146,21316,1,1,6.4,40.96
59979,1,0,0,0,0,1,2,1,0,0,2,0,157,4,1,1,1,1,1,1,170,28900,1,1,7.8,60.84
93725,0,0,0,1,0,1,1,1,0,0,2,1,124,5,1,1,1,1,1,0,146.4,21432.96,1,0,3.5,12.25
94691,0,0,0,0,1,0,2,1,0,0,0,1,126,3,1,1,1,1,0,0,79,6241,1,1,11.4,129.96
6311,1,0,0,0,0,0,0,0,1,0,2,0,229,4,1,1,1,1,1,0,118.05,13935.8025,1,1,7.4,54.76
80593,0,0,1,0,0,1,1,1,0,0,1,1,120,5,1,1,1,1,1,0,132.141,17461.243881,0,0,2.3,5.29
19803,0,0,0,1,0,1,1,1,0,1,2,0,125,5,1,1,1,1,0,0,66.454,4416.134116,0,0,2.1,4.41
63959,0,0,0,1,0,1,1,1,0,0,1,1,119,5,1,1,1,1,1,0,119.28,14227.7184,1,0,3.2,10.24
5077,0,0,0,0,1,1,0,1,0,0,1,1,119,5,1,1,1,1,0,0,75.429,5689.534041,1,0,4.1,16.81
5523,0,0,1,0,0,1,1,1,0,0,1,1,146,5,1,1,1,1,1,0,100,10000,1,1,6.2,38.44
102906,0,0,0,0,1,0,2,1,0,0,1,1,166,4,1,1,1,1,1,0,109.8,12056.04,1,1,9.4,88.36
33474,1,0,0,0,0,1,1,1,0,1,1,1,117,6,1,0,0,0,0,0,22.6,510.76,0,0,1.1,1.21
79274,0,0,1,0,0,1,0,0,1,0,2,0,158,4,1,1,1,1,1,1,190,36100,1,1,8.5,72.25
29513,0,0,0,0,1,1,2,0,1,0,0,1,159,4,1,1,1,1,1,0,117.4,13782.76,1,1,8.2,67.24
98345,0,0,0,1,0,1,2,1,0,0,1,1,158,4,1,1,1,1,1,1,160,25600,1,1,11,121
101378,0,0,0,1,0,1,1,1,0,0,2,1,119,5,1,1,0,0,0,0,35.8,1281.64,0,0,2.5,6.25
42431,0,0,1,0,0,0,1,1,0,0,2,1,178,4,1,1,1,1,0,0,99.182,9837.069124,1,1,6.4,40.96
78526,1,0,0,0,0,0,1,1,0,0,1,1,139,6,1,1,1,1,0,0,66.858,4469.992164,0,0,2,4
79015,0,0,0,1,0,1,2,1,0,0,0,1,163,5,1,1,1,1,0,0,96.325,9278.505625,1,0,4.2,17.64
99006,1,0,0,0,0,1,0,1,0,0,0,1,127,5,1,1,1,1,1,1,179.1,32076.81,1,0,3.6,12.96
27771,1,0,0,0,0,1,1,1,0,0,1,0,108,6,0,0,0,0,0,0,16.97,287.9809,0,0,1.2,1.44
34821,1,0,0,0,0,1,0,0,0,0,1,0,180,4,1,1,1,1,1,0,131.64,17329.0896,1,1,7.9,62.41
44364,0,1,0,0,0,1,1,1,0,0,0,0,109,5,1,1,1,1,0,0,66.935,4480.294225,1,0,4.1,16.81
5115,0,0,0,1,0,1,2,1,1,0,0,1,142,5,1,1,1,1,0,0,50,2500,1,0,3.4,11.56
91638,0,1,0,0,0,0,2,1,0,1,1,1,152,4,1,1,1,1,0,0,74.958,5618.701764,1,1,6.5,42.25
1899,0,0,0,1,0,1,2,1,1,0,0,1,119,5,1,1,1,1,0,0,80,6400,1,0,4.2,17.64
62545,0,1,0,0,0,1,1,1,0,1,0,0,119,5,1,1,1,1,0,0,98.354,9673.509316,1,0,3.5,12.25
27992,0,0,1,0,0,1,1,1,0,0,0,1,184,5,1,1,1,1,1,0,139.841,19555.505281,1,1,6.5,42.25
97291,0,1,0,0,0,1,1,1,0,1,1,0,159,5,1,1,1,1,0,0,69.979,4897.060441,0,0,2.8,7.84
79428,0,0,0,0,1,1,3,1,0,0,2,1,139,4,1,1,1,1,1,0,140,19600,1,1,7.5,56.25
